Recommendation_Date,Rank,StockID,StockName,Industry,AI_Score,Entry_Close,Status,Elapsed_Trading_Days,Target_Date,Exit_Close,Actual_Return_5D,Weight,Contribution_Return,Completed_Date
2026-08-11,1,4908,前鼎,光通訊,75.35,151.0,已完成,5,2026-08-18,150.0,-0.0066225165562914,0.1,-0.0006622516556291,2026-08-18
2026-08-11,2,3450,聯鈞,光通訊,75.04,473.5,已完成,5,2026-08-18,579.0,0.2228088701161563,0.1,0.0222808870116156,2026-08-18
2026-08-11,3,3167,大量,CoPoS,73.34,635.0,已完成,5,2026-08-18,770.0,0.2125984251968504,0.1,0.021259842519685,2026-08-18
2026-08-11,4,2351,順德,導線架,72.71,169.5,已完成,5,2026-08-18,176.0,0.0383480825958701,0.1,0.003834808259587,2026-08-18
2026-08-11,5,2455,全新,CPO,69.67,367.5,已完成,5,2026-08-18,417.5,0.1360544217687074,0.1,0.0136054421768707,2026-08-18
2026-08-11,6,3081,聯亞,CPO,69.44,2480.0,已完成,5,2026-08-18,2925.0,0.1794354838709677,0.1,0.0179435483870967,2026-08-18
2026-08-11,7,3583,辛耘,CoWoS,69.28,702.0,已完成,5,2026-08-18,702.0,0.0,0.1,0.0,2026-08-18
2026-08-11,8,6510,精測,探針／測試介面,69.23,2800.0,已完成,5,2026-08-18,2765.0,-0.0124999999999999,0.1,-0.0012499999999999,2026-08-18
2026-08-11,9,3675,德微,功率元件,69.0,272.5,已完成,5,2026-08-18,274.0,0.0055045871559633,0.1,0.0005504587155963,2026-08-18
2026-08-11,10,5475,德宏,玻纖布,68.55,135.0,已完成,5,2026-08-18,182.5,0.3518518518518518,0.1,0.0351851851851851,2026-08-18
2026-08-13,1,6451,訊芯-KY,CPO,77.4,436.0,已完成,5,2026-08-20,437.0,0.0022935779816513,0.1,0.0002293577981651,2026-08-20
2026-08-13,2,3167,大量,CoPoS,74.27,674.0,已完成,5,2026-08-20,762.0,0.1305637982195846,0.1,0.0130563798219584,2026-08-20
2026-08-13,3,3363,上詮,FAU,74.0,600.0,已完成,5,2026-08-20,610.0,0.0166666666666666,0.1,0.0016666666666666,2026-08-20
2026-08-13,4,5285,界霖,導線架,72.5,79.5999984741211,已完成,5,2026-08-20,77.19999694824219,-0.0301507735161474,0.1,-0.0030150773516147,2026-08-20
2026-08-13,4,3450,聯鈞,光通訊,75.4,527.0,已完成,5,2026-08-20,553.0,0.049335863377609,0.1,0.0049335863377609,2026-08-20
2026-08-13,5,6515,穎崴,探針／測試介面,72.18,6745.0,已完成,5,2026-08-20,6380.0,-0.0541141586360266,0.1,-0.0054114158636026,2026-08-20
2026-08-13,6,3081,聯亞,CPO,70.52,2665.0,已完成,5,2026-08-20,2780.0,0.0431519699812383,0.1,0.0043151969981238,2026-08-20
2026-08-13,7,2449,京元電子,先進封裝,70.45,253.5,已完成,5,2026-08-20,235.0,-0.0729783037475345,0.1,-0.0072978303747534,2026-08-20
2026-08-13,7,6282,康舒,HVDC設備,71.66,48.150001525878906,已完成,5,2026-08-20,45.0,-0.06542059036459,0.1,-0.006542059036459,2026-08-20
2026-08-13,8,1815,富喬,玻纖布,70.22,89.9000015258789,已完成,5,2026-08-20,107.0,0.1902113257383941,0.1,0.0190211325738394,2026-08-20
2026-08-13,8,2455,全新,CPO,70.68,384.0,已完成,5,2026-08-20,412.0,0.0729166666666667,0.1,0.0072916666666666,2026-08-20
2026-08-13,9,3675,德微,功率元件,70.15,278.0,已完成,5,2026-08-20,269.0,-0.0323741007194244,0.1,-0.0032374100719424,2026-08-20
2026-08-13,9,6239,力成,先進封裝,70.59,283.0,已完成,5,2026-08-20,268.5,-0.0512367491166078,0.1,-0.0051236749116607,2026-08-20
2026-08-13,9,2327,國巨,被動元件,71.05,662.0,已完成,5,2026-08-20,562.0,-0.1510574018126887,0.1,-0.0151057401812688,2026-08-20
2026-08-13,10,3535,晶彩科,CoPoS,70.11,92.3000030517578,已完成,5,2026-08-20,88.0,-0.046587247124429,0.1,-0.0046587247124429,2026-08-20
2026-08-17,1,6515,穎崴,探針／測試介面,83.49,6610.0,已完成,5,2026-08-24,6145.0,-0.0703479576399395,0.1,-0.0070347957639939,2026-08-24
2026-08-17,2,5498,凱崴,玻纖布,79.68,51.20000076293945,已完成,5,2026-08-24,51.09999847412109,-0.001953169674379,0.1,-0.0001953169674379,2026-08-24
2026-08-17,3,3450,聯鈞,光通訊,77.11,550.0,已完成,5,2026-08-24,507.0,-0.0781818181818181,0.1,-0.0078181818181818,2026-08-24
2026-08-17,4,3081,聯亞,CPO,76.89,2790.0,已完成,5,2026-08-24,2765.0,-0.0089605734767025,0.1,-0.0008960573476702,2026-08-24
2026-08-17,5,6239,力成,先進封裝,76.3,278.0,已完成,5,2026-08-24,269.5,-0.0305755395683453,0.1,-0.0030575539568345,2026-08-24
2026-08-17,6,4979,華星光,光通訊,73.55,545.0,已完成,5,2026-08-24,547.0,0.003669724770642,0.1,0.0003669724770642,2026-08-24
2026-08-17,7,3535,晶彩科,CoPoS,71.72,92.3000030517578,已完成,5,2026-08-24,85.5,-0.0736728366947577,0.1,-0.0073672836694757,2026-08-24
2026-08-17,8,3211,順達,BBU,71.17,392.0,已完成,5,2026-08-24,326.0,-0.1683673469387755,0.1,-0.0168367346938775,2026-08-24
2026-08-17,9,2449,京元電子,先進封裝,70.75,248.5,已完成,5,2026-08-24,239.0,-0.0382293762575453,0.1,-0.0038229376257545,2026-08-24
2026-08-17,10,2351,順德,導線架,69.86,170.0,已完成,5,2026-08-24,200.5,0.1794117647058823,0.1,0.0179411764705882,2026-08-24
2026-08-18,1,6274,台燿,CCL,83.94,1545.0,已完成,5,2026-08-25,1485.0,-0.0388349514563106,0.1,-0.003883495145631,2026-08-25
2026-08-18,2,2327,國巨,被動元件,83.07,576.0,已完成,5,2026-08-25,544.0,-0.0555555555555555,0.1,-0.0055555555555555,2026-08-25
2026-08-18,3,2492,華新科,被動元件,78.62,282.0,已完成,5,2026-08-25,268.0,-0.0496453900709219,0.1,-0.0049645390070921,2026-08-25
2026-08-18,4,4979,華星光,光通訊,78.27,528.0,已完成,5,2026-08-25,601.0,0.1382575757575757,0.1,0.0138257575757575,2026-08-25
2026-08-18,5,3624,光頡,被動元件,77.77,84.80000305175781,已完成,5,2026-08-25,87.5,0.0318395855079656,0.1,0.0031839585507965,2026-08-25
2026-08-18,6,3211,順達,BBU,77.45,382.5,已完成,5,2026-08-25,331.0,-0.1346405228758169,0.1,-0.0134640522875816,2026-08-25
2026-08-18,7,5498,凱崴,玻纖布,75.76,49.79999923706055,已完成,5,2026-08-25,52.09999847412109,0.0461847243433071,0.1,0.0046184724343307,2026-08-25
2026-08-18,8,6173,信昌電,被動元件,73.13,194.5,已完成,5,2026-08-25,203.5,0.0462724935732647,0.1,0.0046272493573264,2026-08-25
2026-08-18,9,3535,晶彩科,CoPoS,72.62,89.0,已完成,5,2026-08-25,85.5,-0.0393258426966292,0.1,-0.0039325842696629,2026-08-25
2026-08-18,10,3605,宏致,連接元件,72.53,121.0,已完成,5,2026-08-25,116.5,-0.037190082644628,0.1,-0.0037190082644628,2026-08-25
2026-08-18,16,4958,臻鼎-KY,ABF／IC載板,66.36,474.0,已完成,5,2026-08-25,444.0,-0.0632911392405063,0.1,-0.0063291139240506,2026-08-25
2026-08-18,17,3044,健鼎,ABF／IC載板,66.01,488.5,已完成,5,2026-08-25,463.0,-0.052200614124872,0.1,-0.0052200614124872,2026-08-25
2026-08-18,52,3037,欣興,ABF／IC載板,60.27,1145.0,已完成,5,2026-08-25,1095.0,-0.0436681222707423,0.1,-0.0043668122270742,2026-08-25
2026-08-18,73,8046,南電,ABF／IC載板,53.12,1245.0,已完成,5,2026-08-25,1160.0,-0.0682730923694778,0.1,-0.0068273092369477,2026-08-25
2026-08-18,82,3189,景碩,ABF／IC載板,49.58,865.0,已完成,5,2026-08-25,835.0,-0.0346820809248554,0.1,-0.0034682080924855,2026-08-25
2026-08-19,1,6442,光聖,光通訊,80.03,1530.0,已完成,5,2026-08-26,1610.0,0.0522875816993464,0.1,0.0052287581699346,2026-08-26
2026-08-19,2,2327,國巨,被動元件,78.88,576.0,已完成,5,2026-08-26,537.0,-0.0677083333333333,0.1,-0.0067708333333333,2026-08-26
2026-08-19,3,5340,建榮,玻纖布,77.04,75.80000305175781,已完成,5,2026-08-26,80.80000305175781,0.0659630580302996,0.1,0.0065963058030299,2026-08-26
2026-08-19,4,6683,雍智科技,探針／測試介面,74.28,1190.0,已完成,5,2026-08-26,1135.0,-0.0462184873949579,0.1,-0.0046218487394957,2026-08-26
2026-08-19,5,3131,弘塑,CoWoS,74.05,2355.0,已完成,5,2026-08-26,2485.0,0.0552016985138004,0.1,0.00552016985138,2026-08-26
2026-08-19,6,6274,台燿,CCL,73.74,1500.0,已完成,5,2026-08-26,1530.0,0.02,0.1,0.002,2026-08-26
2026-08-19,7,6213,聯茂,CCL,73.41,484.0,已完成,5,2026-08-26,583.0,0.2045454545454545,0.1,0.0204545454545454,2026-08-26
2026-08-19,8,3211,順達,BBU,73.1,369.0,已完成,5,2026-08-26,364.0,-0.0135501355013549,0.1,-0.0013550135501354,2026-08-26
2026-08-19,9,4958,臻鼎-KY,ABF／IC載板,72.45,457.0,已完成,5,2026-08-26,453.0,-0.0087527352297592,0.1,-0.0008752735229759,2026-08-26
2026-08-19,10,5498,凱崴,玻纖布,72.12,49.20000076293945,已完成,5,2026-08-26,54.59999847412109,0.1097560493383011,0.1,0.0109756049338301,2026-08-26
2026-08-20,1,6442,光聖,光通訊,76.46,1555.0,已完成,5,2026-08-27,1595.0,0.0257234726688102,0.1,0.002572347266881,2026-08-27
2026-08-20,2,2492,華新科,被動元件,76.21,272.5,已完成,5,2026-08-27,285.0,0.0458715596330274,0.1,0.0045871559633027,2026-08-27
2026-08-20,3,3211,順達,BBU,73.28,355.0,已完成,5,2026-08-27,397.5,0.1197183098591549,0.1,0.0119718309859155,2026-08-27
2026-08-20,4,3535,晶彩科,CoPoS,72.87,88.0,已完成,5,2026-08-27,89.5,0.0170454545454545,0.1,0.0017045454545454,2026-08-27
2026-08-20,5,3675,德微,功率元件,72.16,269.0,已完成,5,2026-08-27,278.5,0.0353159851301114,0.1,0.0035315985130111,2026-08-27
2026-08-20,6,3131,弘塑,CoWoS,71.94,2320.0,已完成,5,2026-08-27,2490.0,0.0732758620689655,0.1,0.0073275862068965,2026-08-27
2026-08-20,7,4908,前鼎,光通訊,71.82,154.0,已完成,5,2026-08-27,195.5,0.2694805194805194,0.1,0.0269480519480519,2026-08-27
2026-08-20,8,4977,眾達-KY,光通訊,71.6,156.5,已完成,5,2026-08-27,171.5,0.095846645367412,0.1,0.0095846645367412,2026-08-27
2026-08-20,9,5340,建榮,玻纖布,70.16,78.19999694824219,已完成,5,2026-08-27,82.4000015258789,0.0537085005312283,0.1,0.0053708500531228,2026-08-27
2026-08-20,10,5498,凱崴,玻纖布,69.77,50.70000076293945,已完成,5,2026-08-27,53.29999923706055,0.0512820204141226,0.1,0.0051282020414122,2026-08-27
2026-08-21,1,5475,德宏,玻纖布,75.95,174.5,已完成,5,2026-08-28,201.0,0.151862464183381,0.1,0.0151862464183381,2026-08-28
2026-08-21,2,2492,華新科,被動元件,75.38,266.0,已完成,5,2026-08-28,313.5,0.1785714285714286,0.1,0.0178571428571428,2026-08-28
2026-08-21,3,3026,禾伸堂,被動元件,75.25,639.0,已完成,5,2026-08-28,742.0,0.161189358372457,0.1,0.0161189358372457,2026-08-28
2026-08-21,4,6442,光聖,光通訊,73.85,1525.0,已完成,5,2026-08-28,1615.0,0.0590163934426228,0.1,0.0059016393442622,2026-08-28
2026-08-21,5,6274,台燿,CCL,73.52,1495.0,已完成,5,2026-08-28,1490.0,-0.0033444816053511,0.1,-0.0003344481605351,2026-08-28
2026-08-21,6,2327,國巨,被動元件,73.45,554.0,已完成,5,2026-08-28,597.0,0.0776173285198555,0.1,0.0077617328519855,2026-08-28
2026-08-21,7,3044,健鼎,ABF／IC載板,71.21,459.0,已完成,5,2026-08-28,490.0,0.0675381263616556,0.1,0.0067538126361655,2026-08-28
2026-08-21,8,3131,弘塑,CoWoS,69.66,2310.0,已完成,5,2026-08-28,2485.0,0.0757575757575756,0.1,0.0075757575757575,2026-08-28
2026-08-21,9,3535,晶彩科,CoPoS,68.86,86.80000305175781,已完成,5,2026-08-28,90.1999969482422,0.0391704352182684,0.1,0.0039170435218268,2026-08-28
2026-08-21,10,3406,玉晶光,FAU,68.64,652.0,已完成,5,2026-08-28,917.0,0.406441717791411,0.1,0.0406441717791411,2026-08-28
2026-08-24,1,5475,德宏,玻纖布,86.62,159.5,已完成,5,2026-08-31,204.5,0.2821316614420062,0.1,0.0282131661442006,2026-08-31
2026-08-24,2,2492,華新科,被動元件,76.11,265.0,已完成,5,2026-08-31,295.0,0.1132075471698113,0.1,0.0113207547169811,2026-08-31
2026-08-24,3,3624,光頡,被動元件,76.01,86.0999984741211,已完成,5,2026-08-31,88.30000305175781,0.0255517377076142,0.1,0.0025551737707614,2026-08-31
2026-08-24,4,6173,信昌電,被動元件,74.97,203.0,已完成,5,2026-08-31,246.0,0.2118226600985222,0.1,0.0211822660098522,2026-08-31
2026-08-24,5,3026,禾伸堂,被動元件,72.84,643.0,已完成,5,2026-08-31,742.0,0.1539657853810263,0.1,0.0153965785381026,2026-08-31
2026-08-24,6,3044,健鼎,ABF／IC載板,71.8,450.0,已完成,5,2026-08-31,496.5,0.1033333333333332,0.1,0.0103333333333333,2026-08-31
2026-08-24,7,3131,弘塑,CoWoS,69.69,2335.0,已完成,5,2026-08-31,2410.0,0.032119914346895,0.1,0.0032119914346895,2026-08-31
2026-08-24,8,3675,德微,功率元件,69.61,265.0,已完成,5,2026-08-31,272.5,0.0283018867924529,0.1,0.0028301886792452,2026-08-31
2026-08-24,9,6442,光聖,光通訊,69.33,1460.0,已完成,5,2026-08-31,1630.0,0.1164383561643835,0.1,0.0116438356164383,2026-08-31
2026-08-24,10,3167,大量,CoPoS,68.89,665.0,已完成,5,2026-08-31,794.0,0.193984962406015,0.1,0.0193984962406015,2026-08-31
2026-08-27,1,6515,穎崴,探針／測試介面,78.91,6105.0,已完成,5,2026-09-03,7000.0,0.1466011466011465,0.1,0.0146601146601146,2026-09-03
2026-08-27,2,2327,國巨,被動元件,70.02,555.0,已完成,5,2026-09-03,511.0,-0.0792792792792792,0.1,-0.0079279279279279,2026-09-03
2026-08-27,3,3535,晶彩科,CoPoS,69.55,89.5,已完成,5,2026-09-03,85.5,-0.0446927374301675,0.1,-0.0044692737430167,2026-09-03
2026-08-27,4,3675,德微,功率元件,68.07,278.5,已完成,5,2026-09-03,277.0,-0.0053859964093356,0.1,-0.0005385996409335,2026-09-03
2026-08-27,5,6435,大中,功率元件,67.34,263.5,已完成,5,2026-09-03,237.0,-0.1005692599620493,0.1,-0.0100569259962049,2026-09-03
2026-08-27,6,6282,康舒,HVDC設備,66.37,45.150001525878906,已完成,5,2026-09-03,43.20000076293945,-0.0431893842090295,0.1,-0.0043189384209029,2026-09-03
2026-08-27,7,4958,臻鼎-KY,ABF／IC載板,65.12,477.0,已完成,5,2026-09-03,464.0,-0.0272536687631027,0.1,-0.0027253668763102,2026-09-03
2026-08-27,8,2449,京元電子,先進封裝,64.95,247.5,已完成,5,2026-09-03,261.0,0.0545454545454544,0.1,0.0054545454545454,2026-09-03
2026-08-27,9,6239,力成,先進封裝,64.78,277.0,已完成,5,2026-09-03,275.0,-0.0072202166064981,0.1,-0.0007220216606498,2026-09-03
2026-08-27,10,6510,精測,探針／測試介面,64.0,2740.0,已完成,5,2026-09-03,3350.0,0.2226277372262772,0.1,0.0222627737226277,2026-09-03
2026-08-31,1,3624,光頡,被動元件,72.66,88.30000305175781,已完成,5,2026-09-07,96.9000015258789,0.0973952228413868,0.1,0.0097395222841386,2026-09-07
2026-08-31,2,3037,欣興,ABF／IC載板,72.52,999.0,已完成,5,2026-09-07,949.0,-0.05005005005005,0.1,-0.005005005005005,2026-09-07
2026-08-31,3,3675,德微,功率元件,65.13,272.5,已完成,5,2026-09-07,282.0,0.0348623853211009,0.1,0.00348623853211,2026-09-07
2026-08-31,4,2455,全新,CPO,64.15,477.0,已完成,5,2026-09-07,500.0,0.0482180293501048,0.1,0.0048218029350104,2026-09-07
2026-08-31,5,3406,玉晶光,FAU,63.0,1005.0,已完成,5,2026-09-07,987.0,-0.0179104477611939,0.1,-0.0017910447761193,2026-09-07
2026-08-31,6,8261,富鼎,功率元件,62.8,178.5,已完成,5,2026-09-07,181.0,0.0140056022408963,0.1,0.0014005602240896,2026-09-07
2026-08-31,7,2327,國巨,被動元件,61.96,545.0,已完成,5,2026-09-07,589.0,0.0807339449541284,0.1,0.0080733944954128,2026-09-07
2026-08-31,8,2492,華新科,被動元件,61.44,295.0,已完成,5,2026-09-07,323.0,0.0949152542372882,0.1,0.0094915254237288,2026-09-07
2026-08-31,9,6239,力成,先進封裝,61.26,277.0,已完成,5,2026-09-07,280.0,0.0108303249097472,0.1,0.0010830324909747,2026-09-07
2026-08-31,10,6274,台燿,CCL,59.42,1435.0,已完成,5,2026-09-07,1370.0,-0.0452961672473867,0.1,-0.0045296167247386,2026-09-07
2026-09-01,1,3624,光頡,被動元件,72.51,90.1999969482422,已完成,5,2026-09-08,96.5999984741211,0.0709534561242977,0.1,0.0070953456124297,2026-09-08
2026-09-01,2,3675,德微,功率元件,63.95,278.5,已完成,5,2026-09-08,274.0,-0.0161579892280071,0.1,-0.0016157989228007,2026-09-08
2026-09-01,3,2351,順德,導線架,63.88,226.0,已完成,5,2026-09-08,227.5,0.0066371681415928,0.1,0.0006637168141592,2026-09-08
2026-09-01,4,3680,家登,CoPoS,63.0,542.0,已完成,5,2026-09-08,521.0,-0.0387453874538745,0.1,-0.0038745387453874,2026-09-08
2026-09-01,5,3037,欣興,ABF／IC載板,62.47,971.0,已完成,5,2026-09-08,954.0,-0.0175077239958805,0.1,-0.001750772399588,2026-09-08
2026-09-01,6,8261,富鼎,功率元件,62.4,182.0,已完成,5,2026-09-08,170.5,-0.0631868131868131,0.1,-0.0063186813186813,2026-09-08
2026-09-01,7,4979,華星光,光通訊,62.22,600.0,已完成,5,2026-09-08,605.0,0.0083333333333333,0.1,0.0008333333333333,2026-09-08
2026-09-01,8,6515,穎崴,探針／測試介面,61.7,6910.0,已完成,5,2026-09-08,7700.0,0.114327062228654,0.1,0.0114327062228654,2026-09-08
2026-09-01,9,3008,大立光,FAU,61.05,7580.0,已完成,5,2026-09-08,6500.0,-0.1424802110817942,0.1,-0.0142480211081794,2026-09-08
2026-09-01,10,2455,全新,CPO,60.84,524.0,已完成,5,2026-09-08,515.0,-0.0171755725190839,0.1,-0.0017175572519083,2026-09-08
2026-09-02,1,5475,德宏,玻纖布,77.11,190.0,已完成,5,2026-09-09,193.0,0.0157894736842105,0.1,0.001578947368421,2026-09-09
2026-09-02,2,2492,華新科,被動元件,75.35,293.0,已完成,5,2026-09-09,319.5,0.0904436860068258,0.1,0.0090443686006825,2026-09-09
2026-09-02,3,3624,光頡,被動元件,73.62,89.0,已完成,5,2026-09-09,103.5,0.1629213483146068,0.1,0.0162921348314606,2026-09-09
2026-09-02,4,3026,禾伸堂,被動元件,66.86,686.0,已完成,5,2026-09-09,758.0,0.1049562682215743,0.1,0.0104956268221574,2026-09-09
2026-09-02,5,2481,強茂,功率元件,65.22,148.0,已完成,5,2026-09-09,152.0,0.0270270270270269,0.1,0.0027027027027026,2026-09-09
2026-09-02,6,2327,國巨,被動元件,64.39,540.0,已完成,5,2026-09-09,565.0,0.0462962962962962,0.1,0.0046296296296296,2026-09-09
2026-09-02,7,3131,弘塑,CoWoS,63.41,2405.0,已完成,5,2026-09-09,2555.0,0.0623700623700622,0.1,0.0062370062370062,2026-09-09
2026-09-02,8,3675,德微,功率元件,63.39,274.0,已完成,5,2026-09-09,271.5,-0.0091240875912408,0.1,-0.000912408759124,2026-09-09
2026-09-02,9,8261,富鼎,功率元件,63.27,177.0,已完成,5,2026-09-09,170.5,-0.0367231638418079,0.1,-0.0036723163841807,2026-09-09
2026-09-02,10,8039,台虹,CCL,60.68,313.5,已完成,5,2026-09-09,289.5,-0.0765550239234449,0.1,-0.0076555023923444,2026-09-09
2026-09-03,1,5475,德宏,玻纖布,77.96,182.5,已完成,5,2026-09-10,184.5,0.0109589041095889,0.1,0.0010958904109588,2026-09-10
2026-09-03,2,6173,信昌電,被動元件,72.57,241.0,已完成,5,2026-09-10,295.0,0.2240663900414938,0.1,0.0224066390041493,2026-09-10
2026-09-03,3,4979,華星光,光通訊,71.55,572.0,已完成,5,2026-09-10,571.0,-0.0017482517482517,0.1,-0.0001748251748251,2026-09-10
2026-09-03,4,2492,華新科,被動元件,70.28,271.5,已完成,5,2026-09-10,334.0,0.2302025782688765,0.1,0.0230202578268876,2026-09-10
2026-09-03,5,2327,國巨,被動元件,69.75,511.0,已完成,5,2026-09-10,572.0,0.1193737769080234,0.1,0.0119373776908023,2026-09-10
2026-09-03,6,3406,玉晶光,FAU,68.24,991.0,已完成,5,2026-09-10,1070.0,0.0797174571140262,0.1,0.0079717457114026,2026-09-10
2026-09-03,7,3008,大立光,FAU,67.19,7150.0,已完成,5,2026-09-10,6720.0,-0.0601398601398601,0.1,-0.006013986013986,2026-09-10
2026-09-03,8,2351,順德,導線架,66.99,223.0,已完成,5,2026-09-10,235.5,0.0560538116591928,0.1,0.0056053811659192,2026-09-10
2026-09-03,9,3450,聯鈞,光通訊,66.57,554.0,已完成,5,2026-09-10,523.0,-0.055956678700361,0.1,-0.0055956678700361,2026-09-10
2026-09-03,10,1303,南亞,CCL,66.51,221.0,已完成,5,2026-09-10,244.0,0.1040723981900453,0.1,0.0104072398190045,2026-09-10
2026-09-04,1,2492,華新科,被動元件,81.61,298.5,已完成,5,2026-09-11,311.5,0.0435510887772194,0.1,0.0043551088777219,2026-09-11
2026-09-04,2,3026,禾伸堂,被動元件,78.88,701.0,已完成,5,2026-09-11,744.0,0.0613409415121255,0.1,0.0061340941512125,2026-09-11
2026-09-04,3,2327,國巨,被動元件,70.76,562.0,已完成,5,2026-09-11,544.0,-0.0320284697508896,0.1,-0.0032028469750889,2026-09-11
2026-09-04,4,3624,光頡,被動元件,70.54,93.1999969482422,已完成,5,2026-09-11,124.5,0.3358369536121335,0.1,0.0335836953612133,2026-09-11
2026-09-04,5,4908,前鼎,光通訊,69.16,224.5,已完成,5,2026-09-11,237.5,0.0579064587973274,0.1,0.0057906458797327,2026-09-11
2026-09-04,6,8261,富鼎,功率元件,65.9,180.5,已完成,5,2026-09-11,162.0,-0.1024930747922437,0.1,-0.0102493074792243,2026-09-11
2026-09-04,7,5475,德宏,玻纖布,64.75,190.0,已完成,5,2026-09-11,175.0,-0.0789473684210526,0.1,-0.0078947368421052,2026-09-11
2026-09-04,8,3008,大立光,FAU,64.49,7400.0,已完成,5,2026-09-11,6660.0,-0.0999999999999999,0.1,-0.0099999999999999,2026-09-11
2026-09-04,9,3211,順達,BBU,64.01,386.0,已完成,5,2026-09-11,362.0,-0.0621761658031088,0.1,-0.0062176165803108,2026-09-11
2026-09-04,10,3131,弘塑,CoWoS,63.28,2385.0,已完成,5,2026-09-11,2325.0,-0.0251572327044025,0.1,-0.0025157232704402,2026-09-11
2026-09-07,1,3026,禾伸堂,被動元件,72.66,771.0,已完成,5,2026-09-14,731.0,-0.0518806744487678,0.1,-0.0051880674448767,2026-09-14
2026-09-07,2,3406,玉晶光,FAU,71.05,987.0,已完成,5,2026-09-14,954.0,-0.033434650455927,0.1,-0.0033434650455927,2026-09-14
2026-09-07,3,1815,富喬,玻纖布,69.76,130.0,已完成,5,2026-09-14,120.0,-0.0769230769230768,0.1,-0.0076923076923076,2026-09-14
2026-09-07,4,3008,大立光,FAU,66.28,6660.0,已完成,5,2026-09-14,5995.0,-0.0998498498498499,0.1,-0.0099849849849849,2026-09-14
2026-09-07,5,4958,臻鼎-KY,ABF／IC載板,65.34,501.0,已完成,5,2026-09-14,489.5,-0.0229540918163673,0.1,-0.0022954091816367,2026-09-14
2026-09-07,6,6173,信昌電,被動元件,64.32,286.5,已完成,5,2026-09-14,293.5,0.0244328097731238,0.1,0.0024432809773123,2026-09-14
2026-09-07,7,2455,全新,CPO,62.66,500.0,已完成,5,2026-09-14,535.0,0.07,0.1,0.007,2026-09-14
2026-09-07,8,3167,大量,CoPoS,61.28,883.0,已完成,5,2026-09-14,810.0,-0.0826727066817667,0.1,-0.0082672706681766,2026-09-14
2026-09-07,9,1303,南亞,CCL,60.82,230.5,已完成,5,2026-09-14,234.0,0.0151843817787418,0.1,0.0015184381778741,2026-09-14
2026-09-07,10,3605,宏致,連接元件,60.33,120.5,已完成,5,2026-09-14,126.5,0.0497925311203319,0.1,0.0049792531120332,2026-09-14
2026-09-08,1,3008,大立光,FAU,73.01,6500.0,已完成,5,2026-09-15,6055.0,-0.0684615384615384,0.1,-0.0068461538461538,2026-09-15
2026-09-08,2,3450,聯鈞,光通訊,66.26,527.0,已完成,5,2026-09-15,492.5,-0.0654648956356735,0.1,-0.0065464895635673,2026-09-15
2026-09-08,3,3081,聯亞,CPO,62.24,2865.0,已完成,5,2026-09-15,2675.0,-0.0663176265270506,0.1,-0.006631762652705,2026-09-15
2026-09-08,4,3406,玉晶光,FAU,61.56,1010.0,已完成,5,2026-09-15,915.0,-0.094059405940594,0.1,-0.0094059405940594,2026-09-15
2026-09-08,5,2455,全新,CPO,61.0,515.0,已完成,5,2026-09-15,520.0,0.0097087378640776,0.1,0.0009708737864077,2026-09-15
2026-09-08,6,4908,前鼎,光通訊,60.78,227.5,已完成,5,2026-09-15,224.0,-0.0153846153846153,0.1,-0.0015384615384615,2026-09-15
2026-09-08,7,8261,富鼎,功率元件,60.59,170.5,已完成,5,2026-09-15,165.0,-0.032258064516129,0.1,-0.0032258064516129,2026-09-15
2026-09-08,8,3675,德微,功率元件,60.47,274.0,已完成,5,2026-09-15,269.0,-0.0182481751824817,0.1,-0.0018248175182481,2026-09-15
2026-09-08,9,3167,大量,CoPoS,60.16,938.0,已完成,5,2026-09-15,792.0,-0.1556503198294243,0.1,-0.0155650319829424,2026-09-15
2026-09-08,10,4958,臻鼎-KY,ABF／IC載板,59.3,505.0,已完成,5,2026-09-15,477.5,-0.0544554455445545,0.1,-0.0054455445544554,2026-09-15
2026-09-09,1,3008,大立光,FAU,70.0,6870.0,已完成,5,2026-09-16,6225.0,-0.0938864628820961,0.1,-0.0093886462882096,2026-09-16
2026-09-09,2,3450,聯鈞,光通訊,69.47,520.0,已完成,5,2026-09-16,541.0,0.0403846153846154,0.1,0.0040384615384615,2026-09-16
2026-09-09,3,3406,玉晶光,FAU,63.84,1110.0,已完成,5,2026-09-16,1005.0,-0.0945945945945946,0.1,-0.0094594594594594,2026-09-16
2026-09-09,4,8039,台虹,CCL,62.81,289.5,已完成,5,2026-09-16,275.5,-0.0483592400690846,0.1,-0.0048359240069084,2026-09-16
2026-09-09,5,8261,富鼎,功率元件,60.45,170.5,已完成,5,2026-09-16,173.5,0.0175953079178885,0.1,0.0017595307917888,2026-09-16
2026-09-09,6,2455,全新,CPO,59.99,533.0,已完成,5,2026-09-16,515.0,-0.0337711069418386,0.1,-0.0033771106941838,2026-09-16
2026-09-09,7,8046,南電,ABF／IC載板,59.53,1110.0,已完成,5,2026-09-16,1105.0,-0.0045045045045044,0.1,-0.0004504504504504,2026-09-16
2026-09-09,8,3675,德微,功率元件,59.46,271.5,已完成,5,2026-09-16,295.5,0.0883977900552486,0.1,0.0088397790055248,2026-09-16
2026-09-09,9,6683,雍智科技,探針／測試介面,58.7,1370.0,已完成,5,2026-09-16,1595.0,0.1642335766423357,0.1,0.0164233576642335,2026-09-16
2026-09-09,10,2327,國巨,被動元件,58.4,565.0,已完成,5,2026-09-16,536.0,-0.0513274336283186,0.1,-0.0051327433628318,2026-09-16
2026-09-10,1,3008,大立光,FAU,64.29,6720.0,已完成,5,2026-09-17,6020.0,-0.1041666666666666,0.1,-0.0104166666666666,2026-09-17
2026-09-10,2,2327,國巨,被動元件,64.29,572.0,已完成,5,2026-09-17,529.0,-0.0751748251748252,0.1,-0.0075174825174825,2026-09-17
2026-09-10,3,6683,雍智科技,探針／測試介面,62.55,1290.0,已完成,5,2026-09-17,1575.0,0.2209302325581394,0.1,0.0220930232558139,2026-09-17
2026-09-10,4,7734,印能科技,探針／測試介面,61.76,2810.0,已完成,5,2026-09-17,2580.0,-0.0818505338078291,0.1,-0.0081850533807829,2026-09-17
2026-09-10,5,8039,台虹,CCL,61.4,275.0,已完成,5,2026-09-17,257.0,-0.0654545454545454,0.1,-0.0065454545454545,2026-09-17
2026-09-10,6,3406,玉晶光,FAU,61.2,1070.0,已完成,5,2026-09-17,965.0,-0.0981308411214952,0.1,-0.0098130841121495,2026-09-17
2026-09-10,7,8261,富鼎,功率元件,60.97,168.0,已完成,5,2026-09-17,169.0,0.0059523809523809,0.1,0.000595238095238,2026-09-17
2026-09-10,8,3675,德微,功率元件,59.61,269.0,已完成,5,2026-09-17,284.0,0.0557620817843866,0.1,0.0055762081784386,2026-09-17
2026-09-10,9,6640,均華,CoWoS,59.41,1210.0,已完成,5,2026-09-17,1120.0,-0.0743801652892561,0.1,-0.0074380165289256,2026-09-17
2026-09-10,10,3450,聯鈞,光通訊,59.38,523.0,已完成,5,2026-09-17,525.0,0.0038240917782026,0.1,0.0003824091778202,2026-09-17
2026-09-14,1,2492,華新科,被動元件,70.24,305.5,已完成,5,2026-09-21,308.5,0.0098199672667758,0.1,0.0009819967266775,2026-09-21
2026-09-14,2,6640,均華,CoWoS,65.07,1130.0,已完成,5,2026-09-21,1110.0,-0.0176991150442478,0.1,-0.0017699115044247,2026-09-21
2026-09-14,3,3008,大立光,FAU,64.89,5995.0,已完成,5,2026-09-21,6400.0,0.067556296914095,0.1,0.0067556296914095,2026-09-21
2026-09-14,4,7734,印能科技,探針／測試介面,64.88,2485.0,已完成,5,2026-09-21,2585.0,0.0402414486921529,0.1,0.0040241448692152,2026-09-21
2026-09-14,5,3406,玉晶光,FAU,64.71,954.0,已完成,5,2026-09-21,952.0,-0.0020964360587002,0.1,-0.00020964360587,2026-09-21
2026-09-14,6,2327,國巨,被動元件,64.59,545.0,已完成,5,2026-09-21,557.0,0.0220183486238532,0.1,0.0022018348623853,2026-09-21
2026-09-14,7,6510,精測,探針／測試介面,64.35,3375.0,已完成,5,2026-09-21,3485.0,0.0325925925925925,0.1,0.0032592592592592,2026-09-21
2026-09-14,8,7788,松川精密,HVDC設備,63.12,282.0,已完成,5,2026-09-21,291.0,0.0319148936170212,0.1,0.0031914893617021,2026-09-21
2026-09-14,9,2455,全新,CPO,60.34,535.0,已完成,5,2026-09-21,572.0,0.0691588785046728,0.1,0.0069158878504672,2026-09-21
2026-09-14,10,3026,禾伸堂,被動元件,60.23,731.0,已完成,5,2026-09-21,791.0,0.0820793433652531,0.1,0.0082079343365253,2026-09-21
2026-09-15,1,2492,華新科,被動元件,70.03,300.0,觀察中,4,,,,0.1,,
2026-09-15,2,3406,玉晶光,FAU,67.17,915.0,觀察中,4,,,,0.1,,
2026-09-15,3,2327,國巨,被動元件,63.17,537.0,觀察中,4,,,,0.1,,
2026-09-15,4,6223,旺矽,探針／測試介面,62.82,5440.0,觀察中,4,,,,0.1,,
2026-09-15,5,3167,大量,CoPoS,61.66,792.0,觀察中,4,,,,0.1,,
2026-09-15,6,1815,富喬,玻纖布,61.54,114.5,觀察中,4,,,,0.1,,
2026-09-15,7,3450,聯鈞,光通訊,61.17,492.5,觀察中,4,,,,0.1,,
2026-09-15,8,4979,華星光,光通訊,61.12,509.0,觀察中,4,,,,0.1,,
2026-09-15,9,3026,禾伸堂,被動元件,61.11,726.0,觀察中,4,,,,0.1,,
2026-09-15,10,8039,台虹,CCL,61.01,270.0,觀察中,4,,,,0.1,,
2026-09-16,1,2492,華新科,被動元件,63.58,307.5,觀察中,3,,,,0.1,,
2026-09-16,2,2327,國巨,被動元件,62.63,536.0,觀察中,3,,,,0.1,,
2026-09-16,3,4979,華星光,光通訊,60.82,547.0,觀察中,3,,,,0.1,,
2026-09-16,4,1303,南亞,CCL,60.8,224.0,觀察中,3,,,,0.1,,
2026-09-16,5,3406,玉晶光,FAU,60.23,1005.0,觀察中,3,,,,0.1,,
2026-09-16,6,7734,印能科技,探針／測試介面,59.16,2490.0,觀察中,3,,,,0.1,,
2026-09-16,7,3131,弘塑,CoWoS,58.75,2325.0,觀察中,3,,,,0.1,,
2026-09-16,8,6223,旺矽,探針／測試介面,58.67,5600.0,觀察中,3,,,,0.1,,
2026-09-16,9,2481,強茂,功率元件,58.66,168.5,觀察中,3,,,,0.1,,
2026-09-16,10,4977,眾達-KY,光通訊,56.94,176.5,觀察中,3,,,,0.1,,
2026-09-17,1,2492,華新科,被動元件,66.33,297.0,觀察中,2,,,,0.1,,
2026-09-17,2,2327,國巨,被動元件,65.42,529.0,觀察中,2,,,,0.1,,
2026-09-17,3,3624,光頡,被動元件,63.68,118.0,觀察中,2,,,,0.1,,
2026-09-17,4,4979,華星光,光通訊,62.03,556.0,觀察中,2,,,,0.1,,
2026-09-17,5,3363,上詮,FAU,60.07,655.0,觀察中,2,,,,0.1,,
2026-09-17,6,2383,台光電,CCL,59.94,4695.0,觀察中,2,,,,0.1,,
2026-09-17,7,3131,弘塑,CoWoS,58.78,2395.0,觀察中,2,,,,0.1,,
2026-09-17,8,3008,大立光,FAU,58.64,6020.0,觀察中,2,,,,0.1,,
2026-09-17,9,3406,玉晶光,FAU,58.07,965.0,觀察中,2,,,,0.1,,
2026-09-17,10,2351,順德,導線架,57.8,238.0,觀察中,2,,,,0.1,,
2026-09-21,1,2492,華新科,被動元件,62.27,308.5,觀察中,0,,,,0.1,,
2026-09-21,2,6223,旺矽,探針／測試介面,60.27,5495.0,觀察中,0,,,,0.1,,
2026-09-21,3,2327,國巨,被動元件,59.24,557.0,觀察中,0,,,,0.1,,
2026-09-21,4,4979,華星光,光通訊,57.22,618.0,觀察中,0,,,,0.1,,
2026-09-21,5,3131,弘塑,CoWoS,57.11,2465.0,觀察中,0,,,,0.1,,
2026-09-21,6,8039,台虹,CCL,56.58,265.0,觀察中,0,,,,0.1,,
2026-09-21,7,3406,玉晶光,FAU,56.57,952.0,觀察中,0,,,,0.1,,
2026-09-21,8,8261,富鼎,功率元件,56.41,173.5,觀察中,0,,,,0.1,,
2026-09-21,9,6442,光聖,光通訊,55.84,1525.0,觀察中,0,,,,0.1,,
2026-09-21,10,3605,宏致,連接元件,55.78,169.0,觀察中,0,,,,0.1,,
