Feature,Mean_Abs_SHAP,Mean_SHAP,Positive_Count,Negative_Count,Importance_Rank,Importance_Percent
ATR_Ratio,0.064173006,0.045514956,68,17,1,10.568379
Return_20D,0.056587018,-0.019687252,24,61,2,9.319076
InvestmentTrust_NetBuy_Ratio,0.038040098,0.0075431615,27,58,3,6.264662
Return_3D,0.03635538,0.010520383,50,35,4,5.987213
Return_5D,0.036345042,-0.022618478,22,63,5,5.985511
MACD_Diff_Ratio,0.035986494,0.02281826,52,33,6,5.926463
Volume_5D_20D_Ratio,0.028877642,-0.011792396,50,35,7,4.7557364
Volatility_20D,0.02789429,0.00627414,36,49,8,4.593792
Close_MA5_Ratio,0.022836342,0.0043394025,37,48,9,3.7608202
MA20_MA60_Ratio,0.02049355,-0.0129486155,12,73,10,3.3749957
Close_MA60_Ratio,0.019052753,-0.0119531965,25,60,11,3.137717
Dealer_NetBuy_Ratio,0.018859105,-0.0066881813,22,63,12,3.105826
Return_1D,0.01816962,0.003949852,36,49,13,2.9922774
Institutional_NetBuy_Ratio,0.017896201,-0.007025134,21,64,14,2.9472494
Volatility_5D,0.017104158,0.0025887478,18,67,15,2.816811
Return_10D,0.016717387,0.012686771,77,8,16,2.7531154
RSI,0.016178733,-0.005841231,30,55,17,2.6644068
Foreign_NetBuy_20D_Ratio,0.01544497,-0.00021308263,35,50,18,2.5435665
MA5_MA20_Ratio,0.0116424095,0.010184531,75,10,19,1.917339
Foreign_NetBuy_Ratio,0.011585259,-0.0023714649,23,62,20,1.907927
InvestmentTrust_NetBuy_5D_Ratio,0.009608438,0.001869956,46,39,21,1.5823729
Dealer_NetBuy_5D_Ratio,0.009406468,-0.001732322,14,71,22,1.5491112
InvestmentTrust_NetBuy_20D_Ratio,0.009108769,0.0008244913,57,28,23,1.5000844
Close_MA20_Ratio,0.009025488,-0.007417787,18,67,24,1.4863694
Close_MA10_Ratio,0.0072813216,0.005218143,72,13,25,1.1991298
Volume_Ratio,0.0060247793,-0.00074215204,40,45,26,0.9921953
InvestmentTrust_Buy_Streak,0.0053337854,0.00094249495,32,53,27,0.8783985
Foreign_NetBuy_5D_Ratio,0.0051716454,0.0002507684,30,55,28,0.8516964
Institutional_NetBuy_20D_Ratio,0.0051132287,-0.0004154786,48,37,29,0.8420759
Institutional_NetBuy_5D_Ratio,0.0045399433,-0.001859795,25,60,30,0.747664
Dealer_Buy_Streak,0.0032614109,1.7869957e-05,13,72,31,0.5371079
Foreign_Buy_Streak,0.0031022914,0.0017694421,21,64,32,0.5109032
