Industry,Industry_AI_Score,Highest_AI_Score,Average_RSI,Average_Foreign_5D_Ratio,Stock_Count,Industry_Rank,Top_StockID,Top_StockName,Top_Stock_AI_Score
CPO,60.879997,71.06,51.51059266198688,-0.05945659098147652,5,1,3443,創意,71.06
探針／測試介面,60.346,66.64,45.55543866982152,-0.027621579069671907,5,2,6683,雍智科技,66.64
FAU,54.918,60.09,45.58712841776339,-0.08301187914603148,5,3,3008,大立光,60.09
被動元件,54.876,65.28,56.49677856012359,-0.034368675533486534,5,4,2327,國巨,65.28
光通訊,54.53,59.37,48.44524060362181,-0.04539608468698215,5,5,3450,聯鈞,59.37
ABF／IC載板,53.909996,57.31,60.808027293629685,0.11315027278855494,5,6,3037,欣興,57.31
功率元件,51.204,58.96,57.86864413720699,0.0004727102647102743,5,7,8261,富鼎,58.96
CoWoS,50.466,52.05,50.51008709108969,-0.02391371717832653,5,8,3131,弘塑,52.05
導線架,50.46,57.0,49.693243529819455,-0.040940371552357704,5,9,2351,順德,57.0
先進封裝,50.452,52.97,57.743062548451675,0.047650078829229156,5,10,6257,矽格,52.97
玻纖布,50.172,52.23,48.6414748327053,-0.03368426229730385,5,11,5498,凱崴,52.23
HVDC設備,49.566,56.49,50.02870032189811,-0.0372662568558943,5,12,2308,台達電,56.49
連接元件,49.424,55.69,58.94464777919525,0.04014760723151489,5,13,3605,宏致,55.69
CCL,49.052002,55.16,55.91128179378435,0.03468478991922187,5,14,8039,台虹,55.16
CoPoS,47.874,48.58,56.84002042753724,0.016936134443792723,5,15,5443,均豪,48.58
BBU,46.152,49.42,53.305869497550475,-0.05475007499110347,5,16,3211,順達,49.42
特用化學,45.276,46.38,57.18293717904294,0.029771920111596933,5,17,1717,長興,46.38
