Rank,date,StockID,StockName,Industry,Close,AI_Score,Predicted_Probability,Signal,Risk_Level,RSI,Volume_Ratio,ATR_Ratio,Foreign_NetBuy_5D_Ratio,InvestmentTrust_NetBuy_5D_Ratio,Foreign_Buy_Streak,InvestmentTrust_Buy_Streak
1,2026-09-29,3443,創意,CPO,7925.0,71.06,0.71061665,高分候選,高風險,68.76088162056843,0.5679683431663021,0.05606687770883733,0.09813897913861024,-0.06333592106816163,5,0
2,2026-09-29,6683,雍智科技,探針／測試介面,1475.0,66.64,0.66635054,偏多觀察,高風險,53.381686648364834,0.5609387033638568,0.07254954112616512,-0.05619680346303628,0.004794342543540896,3,1
3,2026-09-29,2327,國巨,被動元件,548.0,65.28,0.65280676,偏多觀察,高風險,45.81289706323271,1.0706338682071237,0.06020859995352541,-0.05248204937857261,-0.00684042612854075,0,0
4,2026-09-29,6510,精測,探針／測試介面,3140.0,62.29,0.622948,偏多觀察,高風險,46.893839671844844,0.6133884609594996,0.07606324171433171,-0.08959990384200789,-0.049001620002460555,2,0
5,2026-09-29,3081,聯亞,CPO,2650.0,60.74,0.60738426,偏多觀察,高風險,44.4749523837217,0.34726916202909053,0.07249255222480537,-0.10324967067973967,0.027726396408071105,0,1
6,2026-09-29,2345,智邦,CPO,1810.0,60.35,0.60353744,偏多觀察,高風險,37.49975327946816,1.1216979443935786,0.05348550193546097,-0.07053260747393515,-0.15953749707971251,0,0
7,2026-09-29,3008,大立光,FAU,6020.0,60.09,0.6009497,偏多觀察,高風險,47.51330232333708,0.7497821113047074,0.06484088705902909,-0.23139940232770434,0.020144956346696,0,1
8,2026-09-29,2455,全新,CPO,543.0,59.68,0.5968084,中性觀察,高風險,60.38645773896863,0.07551759323475406,0.05669652318031614,-0.09823146394712899,0.02845611319897478,0,1
9,2026-09-29,6223,旺矽,探針／測試介面,5185.0,59.68,0.596779,中性觀察,高風險,43.384578546716206,1.0131090526728286,0.07110306110423556,0.16202202883630024,-0.3100532934488579,1,0
10,2026-09-29,3450,聯鈞,光通訊,525.0,59.37,0.59367454,中性觀察,高風險,48.6335359970055,0.683054861174109,0.0672597210142994,-0.13625856192887822,0.03721835049608136,1,0
11,2026-09-29,8261,富鼎,功率元件,176.5,58.96,0.589591,中性觀察,高風險,48.42404523515335,0.37992944495061215,0.05514637554868633,5.000601220694467e-05,0.002210601468957531,1,3
12,2026-09-29,3406,玉晶光,FAU,882.0,58.89,0.588874,中性觀察,高風險,48.6669231198195,0.4203699935730952,0.07581599607938455,-0.07263268820365813,-0.0056977081416340995,0,0
13,2026-09-29,6515,穎崴,探針／測試介面,5675.0,57.77,0.577732,中性觀察,高風險,37.59552229253781,0.5074863830992744,0.07463254346384128,-0.13409203528585212,-0.24933669941185646,0,0
14,2026-09-29,4908,前鼎,光通訊,205.5,57.36,0.5735915,中性觀察,高風險,47.824017862862725,0.2129856265713382,0.07944229434452219,0.004673305762432165,0.0,0,0
15,2026-09-29,3037,欣興,ABF／IC載板,1165.0,57.31,0.5731379,中性觀察,高風險,65.49646546112766,0.5067048879101519,0.053979749139753834,0.18302333612240373,0.01839139486730046,0,3
16,2026-09-29,4979,華星光,光通訊,567.0,57.13,0.5712573,中性觀察,高風險,49.93900992111954,0.1335428514827232,0.06775734044771027,-0.011975490058754769,-0.08399495954847513,0,0
17,2026-09-29,2351,順德,導線架,215.5,57.0,0.5699602,中性觀察,高風險,45.90705291788052,0.593006108443117,0.06094899286949998,0.16248786191306697,0.0030727838007754476,3,0
18,2026-09-29,2308,台達電,HVDC設備,1835.0,56.49,0.5648673,中性觀察,中高風險,53.92522569542456,1.2019241812982964,0.048194779250467834,-0.03713162589900435,0.09736612337609975,0,5
19,2026-09-29,3189,景碩,ABF／IC載板,955.0,56.3,0.56296086,中性觀察,高風險,64.950185473559,0.7786910085003272,0.056345984716901006,0.1443221437991664,0.008904132199786257,4,2
20,2026-09-29,3605,宏致,連接元件,182.5,55.69,0.5569262,中性觀察,高風險,78.58220471491614,0.5893764047587914,0.062012350274352035,-0.011932758420736229,0.03382164451847972,0,0
21,2026-09-29,3026,禾伸堂,被動元件,796.0,55.47,0.55470157,中性觀察,高風險,57.430265726084656,0.5178380005873962,0.07013350340128294,-0.044878911175764126,0.008485717423403965,0,16
22,2026-09-29,7734,印能科技,探針／測試介面,2680.0,55.35,0.5535342,中性觀察,高風險,46.52156618964389,0.7102981672848891,0.06861380624880767,-0.020241181593763487,-0.040561232250235765,0,0
23,2026-09-29,8039,台虹,CCL,273.5,55.16,0.5515845,中性觀察,高風險,50.78909482442882,0.6151915764199574,0.06796859197896461,-0.040458035116485845,0.0014882249164237691,0,1
24,2026-09-29,3665,貿聯-KY,連接元件,2445.0,54.7,0.5469722,中性觀察,高風險,64.82279258092362,1.3843827701964757,0.05409296955817212,-0.02196270348392634,0.026540727035924836,1,3
25,2026-09-29,3163,波若威,FAU,646.0,53.58,0.53576165,中性觀察,高風險,41.314521894772035,0.6133333144437393,0.05274220082445345,-0.09080715911899513,-0.004073618134651895,0,0
26,2026-09-29,4958,臻鼎-KY,ABF／IC載板,498.5,53.55,0.53546697,中性觀察,高風險,53.940293333637584,1.335974559410874,0.05328884984654107,-0.012782355175934856,-0.004144265040639416,1,1
27,2026-09-29,6173,信昌電,被動元件,297.5,53.03,0.5303168,中性觀察,高風險,59.43317290224012,0.3470707776233918,0.06943634689808259,0.017595668162193264,0.0,1,0
28,2026-09-29,8046,南電,ABF／IC載板,1270.0,52.98,0.52977306,中性觀察,高風險,61.700799380622065,0.7725803339321713,0.0650720611340513,0.1489811481941565,-0.022158512558656283,4,0
29,2026-09-29,6257,矽格,先進封裝,236.5,52.97,0.5297278,中性觀察,中高風險,59.188042027683395,0.515755833273818,0.04872943224445016,0.0433290194936375,-0.0007602467900666853,0,1
30,2026-09-29,6451,訊芯-KY,CPO,416.5,52.57,0.5256955,中性觀察,高風險,46.430918287207504,0.2100465370381767,0.06318398676724007,-0.12340819194518904,0.0,0,0
31,2026-09-29,6239,力成,先進封裝,281.0,52.28,0.5227826,中性觀察,中高風險,50.852144550609125,0.5475308841574217,0.04298857742837397,-0.0290454494671545,-0.050245434690649585,0,1
32,2026-09-29,5498,凱崴,玻纖布,49.849998474121094,52.23,0.5222849,中性觀察,中高風險,44.230874794358854,0.47163540342219995,0.0441516472589674,0.007901506582692562,0.0,0,0
33,2026-09-29,3711,日月光投控,先進封裝,687.0,52.19,0.5218529,中性觀察,中高風險,63.35717693899721,0.8146319055538833,0.04044943732832369,0.24312627083096808,-0.04742003525597008,0,0
34,2026-09-29,3675,德微,功率元件,334.0,52.06,0.5206032,中性觀察,高風險,67.76942317757724,1.9159181394582505,0.0549215367246818,-0.06605836270631685,0.02285200162314503,0,3
35,2026-09-29,3131,弘塑,CoWoS,2475.0,52.05,0.52052855,中性觀察,高風險,51.80461943015016,1.338812498980619,0.05213655365447942,-0.02859455136464018,-0.028170179031680318,2,0
36,2026-09-29,6640,均華,CoWoS,1040.0,51.78,0.51782167,中性觀察,高風險,45.227083751884116,0.7074146885934527,0.07676150993017056,-0.042897976637932975,-0.06595018248834225,1,0
37,2026-09-29,2492,華新科,被動元件,302.0,51.66,0.5166346,中性觀察,高風險,49.14357071462205,1.0817371623131653,0.06865924329900405,-0.08110524139135705,-0.0011352272658995478,0,0
38,2026-09-29,6548,長科*,導線架,71.80000305175781,51.41,0.51407176,中性觀察,中高風險,48.268117557561,0.3422108778229845,0.04334908333635622,-0.13626232965446658,-0.002067571041036116,1,0
39,2026-09-29,3583,辛耘,CoWoS,713.0,51.24,0.51236814,中性觀察,中高風險,50.84606053625864,0.8448619211858331,0.04403212447895879,-0.07529077253782802,0.0,1,0
40,2026-09-29,3362,先進光,FAU,171.0,51.16,0.5115809,中性觀察,高風險,43.16065887034126,0.23267923383876413,0.05951703170768555,0.05222953948423097,0.0,3,0
41,2026-09-29,1815,富喬,玻纖布,116.0,50.99,0.5099379,中性觀察,高風險,52.52997093201808,0.25637783736039843,0.0668148575014803,-0.11126057709153486,0.004277297885731187,0,0
42,2026-09-29,3363,上詮,FAU,652.0,50.87,0.50874156,中性觀察,高風險,47.28023588054705,0.36392033896038783,0.06114506977113701,-0.07244968556403071,0.0,2,0
43,2026-09-29,2301,光寶科,HVDC設備,281.0,50.86,0.50862074,中性觀察,中高風險,50.102537428173,0.6709332875950946,0.04779203265795054,-0.04462545513737126,-0.014214442675824937,0,1
44,2026-09-29,7788,松川精密,HVDC設備,287.5,50.68,0.5067934,中性觀察,高風險,50.27911338442321,0.3796251240567243,0.06081058860031803,0.03269961529448753,2.3550995559459786e-06,1,0
45,2026-09-29,2486,一詮,導線架,237.0,50.63,0.5063116,中性觀察,中高風險,47.780250009672194,0.3393884001459747,0.04646755781487685,-0.08556773321446412,-0.012928061028722015,2,0
46,2026-09-29,5340,建榮,玻纖布,80.5,50.36,0.5035693,中性觀察,中高風險,48.184104249198214,0.20292722005439454,0.04478106131934939,-0.01724143317952353,0.0,2,0
47,2026-09-29,5285,界霖,導線架,90.5,50.15,0.5014807,中性觀察,中高風險,57.05060924472932,0.49971825393528935,0.04842096803279103,-0.01826468978345352,0.0,2,0
48,2026-09-29,2449,京元電子,先進封裝,294.5,49.95,0.49952194,暫不列入,高風險,57.76501978127575,1.0143836829083315,0.05224145581641736,0.01273377331557503,0.03360975777309013,0,1
49,2026-09-29,2467,志聖,CoWoS,544.0,49.85,0.4984795,暫不列入,中高風險,48.22362270662545,0.8830668591716075,0.04780083248415988,-0.05886846143035354,-0.000289774019730713,2,0
50,2026-09-29,6435,大中,功率元件,252.5,49.67,0.49671122,暫不列入,中高風險,52.239208806934556,0.972653941451179,0.040857265818212106,0.07585249474239315,0.0,1,0
51,2026-09-29,4977,眾達-KY,光通訊,168.5,49.58,0.49582264,暫不列入,高風險,51.46817786244636,0.33298677322109477,0.053407749961368316,-0.05548781985429957,2.0022596167194553e-06,0,0
52,2026-09-29,3211,順達,BBU,386.0,49.42,0.49423155,暫不列入,中高風險,54.266463392634485,1.0541893045089012,0.04625774819508628,0.004553028534383862,0.03731861534321201,0,1
53,2026-09-29,3044,健鼎,ABF／IC載板,521.0,49.41,0.49407983,暫不列入,中高風險,57.952392819202146,0.8023134234005959,0.039471635100912034,0.10220709100298284,-0.0030314145489709864,0,0
54,2026-09-29,6442,光聖,光通訊,1500.0,49.21,0.49212134,暫不列入,高風險,44.36146137467494,0.30591504166719496,0.06423125054970769,-0.027931857355410344,-0.19948039516588378,0,0
55,2026-09-29,3624,光頡,被動元件,140.0,48.94,0.48937684,暫不列入,高風險,70.66398639443841,0.8329143040362944,0.06834699289096134,-0.010972843883932158,-0.0027075781871396887,1,0
56,2026-09-29,1303,南亞,CCL,247.0,48.81,0.4880967,暫不列入,高風險,61.73406978295623,1.0046668180904508,0.05787151332560161,0.054534452219694766,-0.0006581138807922772,2,1
57,2026-09-29,1802,台玻,玻纖布,57.599998474121094,48.66,0.4866421,暫不列入,中高風險,47.10625667458278,0.38546071818605226,0.04261512093686497,-0.047615492606680514,0.00010365187047444597,0,0
58,2026-09-29,5475,德宏,玻纖布,180.5,48.62,0.4861986,暫不列入,高風險,51.15616751336855,0.4739437231179015,0.06938664826360816,-0.00020531519147287797,0.0,0,0
59,2026-09-29,5443,均豪,CoPoS,109.5,48.58,0.4858027,暫不列入,中高風險,53.83288868799908,0.825261273688002,0.04540228347316709,-0.020301003349633973,0.0,2,0
60,2026-09-29,6282,康舒,HVDC設備,42.79999923706055,48.48,0.4847745,暫不列入,中等風險,42.20840942984815,0.6327013853350764,0.028993703314434863,-0.15408278286109914,-0.0005627016159890089,0,0
61,2026-09-29,3535,晶彩科,CoPoS,89.80000305175781,48.35,0.48353806,暫不列入,中高風險,54.264152828869136,1.3471850320306409,0.04366238837022181,-0.0036689816502964777,0.0,1,0
62,2026-09-29,6213,聯茂,CCL,620.0,48.28,0.4828014,暫不列入,高風險,69.71156382352947,1.6484596718614553,0.05962229796597279,0.09950496163048815,0.00862988515041476,6,4
63,2026-09-29,3680,家登,CoPoS,548.0,48.23,0.48232052,暫不列入,中高風險,58.843189420600666,0.5184082005772429,0.04364683433854005,0.13691093817075117,-0.00019865102982432795,2,0
64,2026-09-29,2481,強茂,功率元件,175.5,47.75,0.4774835,暫不列入,高風險,63.86573347596865,0.4943905522370616,0.060158747826733985,-0.04677289254299151,0.0018483891774376527,0,1
65,2026-09-29,5425,台半,功率元件,95.80000305175781,47.58,0.4758446,暫不列入,中高風險,57.04480999040113,0.6038325380799215,0.04253700638856894,0.039292305818259626,-0.000420736119915404,1,0
66,2026-09-29,4931,新盛力,BBU,246.0,47.58,0.47577435,暫不列入,高風險,52.5364660100184,1.6499992929013139,0.05229359133117866,-0.055454049390529433,0.0,2,0
67,2026-09-29,6789,采鈺,CoPoS,478.5,47.52,0.47523236,暫不列入,中高風險,58.240837362224546,0.6566052851233493,0.04074709121374587,-0.009669649449173723,-0.0007642934336493942,1,1
68,2026-09-29,6187,萬潤,CoWoS,1310.0,47.41,0.47405285,暫不列入,高風險,56.449049030530084,1.692322171565398,0.05838666389718088,0.08608317607912205,-0.10837197975600178,2,0
69,2026-09-29,6781,AES-KY,BBU,1010.0,47.02,0.47021577,暫不列入,中高風險,44.10564086771566,0.7096656093484138,0.033683349364180694,-0.16591340124193202,0.0,0,0
70,2026-09-29,6274,台燿,CCL,1485.0,46.95,0.46948713,暫不列入,高風險,55.457511564256265,0.7596490081351068,0.06297897737653803,0.0345314330399313,-0.10089873243432236,0,0
71,2026-09-29,3167,大量,CoPoS,903.0,46.69,0.46688938,暫不列入,高風險,59.019033837992794,0.9259450107229016,0.06422103270181137,-0.018590631502683398,0.0013885058317975728,0,0
72,2026-09-29,6197,佳必琪,連接元件,319.0,46.45,0.46452418,暫不列入,中高風險,56.87587339677603,0.3881614706371281,0.0324488418671187,0.01758243165013347,4.019113713975158e-06,2,0
73,2026-09-29,1717,長興,特用化學,72.5,46.38,0.46380904,暫不列入,中高風險,51.52076085701506,0.5084914708571123,0.03685032520943049,0.010639826440513995,-0.024317256067114313,1,1
74,2026-09-29,2328,廣宇,連接元件,47.0,46.11,0.46105468,暫不列入,中等風險,54.60066152270739,0.48425553899062834,0.02585178596386727,0.16143768396339533,0.0,3,0
75,2026-09-29,2383,台光電,CCL,4920.0,46.06,0.46058717,暫不列入,高風險,41.86416897375095,1.014328480920739,0.05439081749786877,0.025311137822480994,-0.20045244489442546,0,0
76,2026-09-29,4772,台特化,特用化學,271.0,46.01,0.4600637,暫不列入,中高風險,66.16333680060009,5.012110828523042,0.03213870477665292,0.09694302167612685,0.0,4,0
77,2026-09-29,1773,勝一,特用化學,167.5,45.6,0.4559722,暫不列入,中等風險,59.06300419100805,1.2619201574370424,0.02621765543251478,-0.0621673386609621,0.0009665119710561881,1,1
78,2026-09-29,3323,加百裕,BBU,29.350000381469727,45.6,0.45595524,暫不列入,中等風險,58.160234465772334,3.9133312674125613,0.027326745423261203,0.05108308888042043,0.0,1,0
79,2026-09-29,2330,台積電,先進封裝,2475.0,44.87,0.44868127,暫不列入,中等風險,57.552929443692925,1.2886920696392687,0.015936668064636516,-0.03189322002688034,-0.01608258077072451,0,1
80,2026-09-29,4755,三福化,特用化學,118.0,44.69,0.44686192,暫不列入,中等風險,56.164828147594825,1.2011553536953727,0.027468302244740384,-0.05334306096406264,0.0,1,0
81,2026-09-29,6279,胡連,連接元件,111.5,44.17,0.44166785,暫不列入,中等風險,39.84170668065304,0.4783241610335104,0.01813980142657179,0.05561338244870822,-0.0011773437517768187,0,0
82,2026-09-29,4749,新應材,特用化學,764.0,43.7,0.43696815,暫不列入,中高風險,53.00275589899667,1.607918289884355,0.03701813653609063,0.15678715206636856,-0.18516960070729016,5,0
83,2026-09-29,8070,長華*,導線架,49.70000076293945,43.11,0.43111995,暫不列入,中等風險,49.460187919254246,0.42653903881510413,0.027149158254346842,-0.12709496702247128,-0.0006864200485535005,1,0
84,2026-09-29,3015,全漢,HVDC設備,53.70000076293945,41.32,0.4131943,暫不列入,中等風險,53.628215671621604,1.0747478012323557,0.02502469027682323,0.016808964323515738,0.0,0,0
85,2026-09-29,6558,興能高,BBU,25.399999618530273,41.14,0.41138947,暫不列入,中等風險,57.46054275161151,4.015245120932763,0.028836651196398184,-0.10801904173786017,0.0,0,0
