date,Portfolio_Gross_Return,Portfolio_Net_Return,Target_Hit_Rate,Average_AI_Score,Stock_Count,Gross_Equity,Net_Equity,Running_Max,Drawdown
2021-04-28,-0.052899391982166775,-0.05889939198216678,0.0,0.6269476,5,0.9471006080178332,0.9411006080178332,0.9411006080178332,0.0
2021-05-06,-0.09772879053774755,-0.10372879053774756,0.0,0.8522167,5,0.8545416110786851,0.8434813801738046,0.9411006080178332,-0.10372879053774753
2021-05-13,-0.01442780097864631,-0.02042780097864631,0.0,0.84562206,5,0.8422124547860701,0.8262509104104202,0.9411006080178332,-0.12203764042753307
2021-05-20,0.15370685750349775,0.14770685750349774,1.0,0.76390237,5,0.9716662845615436,0.9482938358965474,0.9482938358965474,0.0
2021-05-27,0.027765962043065206,0.021765962043065207,0.8,0.8275092,5,0.9986455337372057,0.9689343635343444,0.9689343635343444,0.0
2021-06-03,0.025961749849352244,0.019961749849352246,0.8,0.82233465,5,1.0245721192722639,0.9882759889196583,0.9882759889196583,0.0
2021-06-10,0.018778732903347063,0.012778732903347061,0.4,0.7053837,5,1.043812285440294,1.0009049038168538,1.0009049038168538,0.0
2021-06-18,0.008655752572741315,0.0026557525727413157,0.2,0.7302856,5,1.052847266315453,1.0035630595902347,1.0035630595902347,0.0
2021-06-25,0.03912527664128489,0.03312527664128489,0.8,0.63271785,5,1.0940402068710655,1.0368063635661355,1.0368063635661355,0.0
2021-07-02,1.1490306096662018e-05,-0.005988509693903337,0.6,0.6272246,5,1.0940527777279245,1.0305974386072192,1.0368063635661355,-0.005988509693903188
2021-07-09,0.029816739415123104,0.023816739415123106,0.8,0.5931042,5,1.1266738643078298,1.0551429092444207,1.0551429092444207,0.0
2021-07-16,0.023113240011244107,0.017113240011244108,0.2,0.6117843,5,1.1527149477479726,1.0731998230964828,1.0731998230964828,0.0
2021-07-23,-0.018522160365735996,-0.024522160365735995,0.2,0.6254342,5,1.1313641766298037,1.0468826449300312,1.0731998230964828,-0.024522160365736068
2021-07-30,0.016959699367054125,0.010959699367054123,0.6,0.6860251,5,1.1505517729401,1.058356163991051,1.0731998230964828,-0.013831216504120891
2021-08-06,-0.0690198995204752,-0.0750198995204752,0.2,0.7124053,5,1.0711408051786697,0.9789583909115669,1.0731998230964828,-0.08781349955221096
2021-08-13,-0.06114109477363701,-0.06714109477363701,0.0,0.82298106,5,1.0056500836933309,0.9132300528079261,1.0731998230964828,-0.1490586998300083
2021-08-20,0.06720745776796182,0.06120745776796181,1.0,0.8256715,5,1.0732372692224976,0.9691265426976008,1.0731998230964828,-0.09697474613683899
2021-08-27,0.047253183528839136,0.04125318352883914,0.8,0.6581146,5,1.1239511468750585,1.0091060978261743,1.0731998230964828,-0.05972207960804543
2021-09-03,-0.055271204454270764,-0.06127120445427077,0.0,0.685824,5,1.061829013239515,0.9472769517902154,1.0731998230964828,-0.11733404031221739
2021-09-10,-0.02431359509941764,-0.03031359509941764,0.2,0.6811546,5,1.0360121325467953,0.9185615818266363,1.0731998230964828,-0.14409081882223174
2021-09-17,0.016313672048516126,0.010313672048516126,0.2,0.7295679,5,1.0529132947154476,0.9280353247379625,1.0731998230964828,-0.13526325222425029
2021-09-28,-0.07051927075662415,-0.07651927075662415,0.0,0.73129946,5,0.9786626170021597,0.8570227384526267,1.0731998230964828,-0.20143227756050552
2021-10-05,-0.015898041262574835,-0.021898041262574837,0.2,0.80201447,5,0.9631037983349199,0.8382556191630262,1.0731998230964828,-0.21891934649744593
2021-10-13,0.05931913272550569,0.05331913272550568,1.0,0.8374403,5,1.0202342803767877,0.8829506817790804,1.0731998230964828,-0.17727280346401864
2021-10-20,0.07041602446356307,0.06441602446356307,0.8,0.6225029,5,1.092075122422365,0.9398268544966812,1.0731998230964828,-0.12427598824511832
2021-10-27,0.0004895020679355433,-0.0055104979320644565,0.4,0.68070984,5,1.092609695453132,0.9346479405584787,1.0731998230964828,-0.12910166360095277
2021-11-03,0.0039228325183162886,-0.0020771674816837133,0.4,0.69084805,5,1.096895820296283,0.9327065202495279,1.0731998230964828,-0.13091066530517326
2021-11-10,0.007755696272795531,0.0017556962727955326,0.6,0.6943659,5,1.1054030111214,0.9343440696107422,1.0731998230964828,-0.12938480839952315
2021-11-17,-0.008030852107621533,-0.014030852107621533,0.0,0.6062119,5,1.0965256830197645,0.9212344261524007,1.0731998230964828,-0.14160028139551795
2021-11-24,-0.0068392450075975605,-0.01283924500759756,0.0,0.6396123,5,1.089026275216469,0.9094064716455964,1.0731998230964828,-0.15262148569713374
2021-12-01,0.008018498741630565,0.002018498741630564,0.4,0.6665906,5,1.097758631033895,0.9112421074642437,1.0731998230964828,-0.15091105323232867
2021-12-08,-0.013093715974984299,-0.0190937159749843,0.0,0.6645991,5,1.0833848913100494,0.8938431094798753,1.0731998230964828,-0.16712331641940914
2021-12-15,0.038003583941668986,0.03200358394166898,0.8,0.72532606,5,1.124557399968087,0.922449292464797,1.0731998230964828,-0.14046827756337876
2021-12-22,0.03118797059599987,0.02518797059599987,0.6,0.6579494,5,1.1596300630918057,0.9456839181197012,1.0731998230964828,-0.11881841781231606
2021-12-29,0.002318637926035971,-0.0036813620739640286,0.6,0.61257255,5,1.162318825336262,0.9422025132095776,1.0731998230964828,-0.12206236626925748
2022-01-06,-0.08326427863287691,-0.08926427863287692,0.0,0.6465758,5,1.0655391868032253,0.858097485541841,1.0731998230964828,-0.2004308358288871
2022-01-13,-0.002486439996388423,-0.008486439996388423,0.2,0.81337625,5,1.0628897875514387,0.8508152927197383,1.0731998230964828,-0.20721633156358765
2022-01-20,-0.03829722239075832,-0.044297222390758326,0.0,0.69985396,5,1.0221840609807153,0.813126538484674,1.0731998230964828,-0.24233444603207666
2022-02-07,0.010038320741911489,0.00403832074191149,0.4,0.73595417,5,1.0324450724421093,0.8164102042508353,1.0731998230964828,-0.23927474951005612
2022-02-14,0.007360767192451223,0.0013607671924512233,0.8,0.76481736,5,1.040044660259349,0.8175211484723622,1.0731998230964828,-0.23823957954672015
2022-02-21,0.0073139727180262515,0.001313972718026253,0.4,0.6700066,5,1.0476515185300146,0.8185953489578645,1.0731998230964828,-0.23723864713657228
2022-03-01,-0.06045599428377093,-0.06645599428377094,0.0,0.65713483,5,0.9843147043143801,0.7641947811267992,1.0731998230964828,-0.28792871124234565
2022-03-08,-0.05333332252267422,-0.059333322522674224,0.2,0.85718966,5,0.9318179307253706,0.7188525657080583,1.0731998230964828,-0.33017826667733985
2022-03-15,0.0922571520205635,0.0862571520205635,1.0,0.83318776,5,1.017784799215788,0.7808587407487104,1.0731998230964828,-0.2724013515994498
2022-03-22,-0.013189353954440052,-0.019189353954440054,0.0,0.65585655,5,1.0043608752494821,0.765874565984065,1.0731998230964828,-0.2863634996003802
2022-03-29,-0.020802801303681638,-0.026802801303681643,0.2,0.7734782,5,0.9834673555244754,0.7453469821684507,1.0731998230964828,-0.3054909569236459
2022-04-07,-0.02134586742214071,-0.027345867422140707,0.2,0.7662422,5,0.9624743917394466,0.7249648224105796,1.0731998230964828,-0.3244829091390897
2022-04-14,-0.002626395830129846,-0.008626395830129847,0.4,0.7022556,5,0.9599465530103753,0.7187109888895462,1.0731998230964828,-0.3303101869548737
2022-04-21,-0.09194583079214162,-0.09794583079214163,0.0,0.6609624,5,0.8716834696777838,0.648316243983318,1.0731998230964828,-0.39590351206661245
2022-04-28,0.08491250099970474,0.07891250099970473,0.6,0.8483008,5,0.9457002931682247,0.6994765002347764,1.0731998230964828,-0.34823274735865095
2022-05-06,0.008915961818614603,0.0029159618186145988,0.2,0.73485196,5,0.9541321208739652,0.7015161470024791,1.0731998230964828,-0.3463322189353255
2022-05-13,0.052731070056619166,0.04673107005661917,1.0,0.76084816,5,1.004444528583041,0.7342987472139015,1.0731998230964828,-0.3157856240646374
2022-05-20,-0.004272946346294848,-0.010272946346294849,0.4,0.66845626,5,1.0001525910045763,0.7267553355816216,1.0731998230964828,-0.32281452163798496
2022-05-27,0.06264967062759577,0.05664967062759576,0.6,0.6104734,5,1.0628118214083495,0.7679257859691684,1.0731998230964828,-0.2844521873349859
2022-06-06,-0.02888636781121092,-0.03488636781121092,0.2,0.63389987,5,1.032111048221045,0.7411356445481347,1.0731998230964828,-0.30941505151412496
2022-06-13,-0.0940331834786895,-0.1000331834786895,0.0,0.627116,5,0.9350583606532928,0.6669974866344544,1.0731998230964828,-0.3784964623736339
2022-06-20,0.05720481631959773,0.051204816319597724,1.0,0.732378,5,0.9885482024225686,0.701150970423205,1.0731998230964828,-0.3466724878874956
2022-06-27,-0.12312528690844653,-0.12912528690844655,0.0,0.7694074,5,0.8668329213764608,0.6106146502011729,1.0731998230964828,-0.4310335903342043
2022-07-04,0.026158109356311198,0.0201581093563112,0.6,0.79644716,5,0.889507631727477,0.6229234870944939,1.0731998230964828,-0.41956430322809346
2022-07-11,0.11317623919522038,0.10717623919522037,1.0,0.88385284,5,0.99017876022184,0.6896860837476542,1.0731998230964828,-0.35735538815342305
2022-07-18,0.06364693836008166,0.057646938360081654,0.8,0.8172811,5,1.0532006067391417,0.7294443749052614,1.0731998230964828,-0.3203088938268648
2022-07-25,-0.05734925293310276,-0.06334925293310276,0.0,0.79174006,5,0.9928003387539613,0.6832346186987589,1.0731998230964828,-0.3633668176282072
2022-08-01,0.005740609199299307,-0.00025939080070069425,0.2,0.72180617,5,0.9984996175116798,0.6830573939239482,1.0731998230964828,-0.36353195441913533
2022-08-08,0.04441146068925865,0.038411460689258645,0.6,0.6556579,5,1.0428444440230396,0.7092946261591654,1.0731998230964828,-0.33908428710633653
2022-08-15,0.04910829471058995,0.043108294710589946,0.8,0.6408806,5,1.0940567563174242,0.7398711079402723,1.0731998230964828,-0.3105933377760569
2022-08-22,-0.06341930714478965,-0.06941930714478965,0.0,0.58657306,5,1.0246724348546972,0.6885097682506108,1.0731998230964828,-0.358451470608645
2022-08-29,-0.011827749795309516,-0.017827749795309517,0.2,0.65884835,5,1.0125528656730851,0.6762351883706124,1.0731998230964828,-0.3698888372721829
2022-09-05,-0.0005961875526257598,-0.006596187552625763,0.2,0.6652539,5,1.0119491942581953,0.6717746142384345,1.0731998230964828,-0.3740451686805387
2022-09-13,-0.03582989111484436,-0.04182989111484436,0.2,0.6092041,5,0.9756911648141696,0.6436743552711243,1.0731998230964828,-0.4002287911174426
2022-09-20,-0.033975676192029215,-0.039975676192029214,0.2,0.60628086,5,0.9425413977350195,0.6179430376716926,1.0731998230964828,-0.4242050507530336
2022-09-27,0.020091301110573445,0.014091301110573445,0.2,0.67085075,5,0.9614782807660945,0.6266506590847069,1.0731998230964828,-0.4160913507452473
2022-10-04,-0.0881646693021291,-0.0941646693021291,0.0,0.7886713,5,0.8767098661011722,0.5676423070040342,1.0731998230964828,-0.47107491560497394
2022-10-12,-0.06971809339843445,-0.07571809339843445,0.0,0.7396505,5,0.8155873257730016,0.5246615137853999,1.0731998230964828,-0.5111241145459713
2022-10-19,-0.036141973100026537,-0.042141973100026535,0.2,0.8861025,5,0.7861103905841912,0.5025512423848364,1.0731998230964828,-0.5317263089600267
2022-10-26,0.0944182412246946,0.08841824122469459,0.8,0.82139903,5,0.8603335510716082,0.5469859393617889,1.0731998230964828,-0.49032237278647617
2022-11-02,0.06658895736938833,0.06058895736938832,0.8,0.7848714,5,0.91762226522737,0.5801272471234351,1.0731998230964828,-0.45944153675910504
2022-11-09,0.09904952884246043,0.09304952884246043,1.0,0.6698327,5,1.0085123182534923,0.6341078141369444,1.0731998230964828,-0.40914282644273525
2022-11-16,0.07196138625591401,0.06596138625591401,0.8,0.7363007,5,1.0810862627311792,0.6759344445931248,1.0731998230964828,-0.37016906819564677
2022-11-23,0.0741428761064066,0.0681428761064066,1.0,0.7377864,5,1.1612411075691953,0.7219945617070869,1.0731998230964828,-0.3272505770417201
2022-11-30,-0.011306421434738523,-0.017306421434738522,0.2,0.63494205,5,1.1481116262196756,0.7094994195485947,1.0731998230964828,-0.33889346207541315
2022-12-07,0.02740483079920759,0.021404830799207592,0.8,0.6395914,5,1.179575431074829,0.7246861345761685,1.0731998230964828,-0.32474258849088744
2022-12-14,-0.0698077149498244,-0.07580771494982441,0.0,0.61206,5,1.0972319656205411,0.6697493346581282,1.0731998230964828,-0.37593230986032644
2022-12-21,-0.02045289499308911,-0.02645289499308911,0.0,0.6587033,5,1.0747903954446434,0.6520325258367254,1.0731998230964828,-0.39244070693617095
2022-12-28,-0.020083485320664528,-0.02608348532066453,0.0,0.69406354,5,1.0532048583149396,0.6350252450204674,1.0731998230964828,-0.40828797083823465
2023-01-05,0.06296724411547894,0.05696724411547893,1.0,0.6289377,5,1.1195222657320647,0.6712008831730402,1.0731998230964828,-0.374579767226911
2023-01-12,0.06925425934470257,0.06325425934470257,1.0,0.597937,5,1.197053951065242,0.713657197909661,1.0731998230964828,-0.3350192736236579
2023-01-31,0.06269204664379399,0.05669204664379399,0.8,0.56451076,5,1.272099713200562,0.7541158850612347,1.0731998230964828,-0.2973201552667063
2023-02-07,0.024973250060063058,0.018973250060063056,0.6,0.58342797,5,1.303868177439654,0.7684239143227672,1.0731998230964828,-0.28398803486041535
2023-02-14,0.04354260591119754,0.03754260591119754,0.8,0.56354034,5,1.3606419956500604,0.7972725505109268,1.0731998230964828,-0.25710707982547765
2023-02-21,0.039455647043939224,0.033455647043939225,0.6,0.57839173,5,1.4143270059835902,0.8239458195586417,1.0731998230964828,-0.23225311649667746
2023-03-02,0.08997790237116807,0.08397790237116806,0.8,0.5784628,5,1.541585183248888,0.8931390611526693,1.0731998230964828,-0.16777934366806702
2023-03-09,-0.02385941363524029,-0.02985941363524029,0.0,0.55098057,5,1.5048038647077953,0.8664704524919216,1.0731998230964828,-0.1926289644812733
2023-03-16,0.03395601865837787,0.027956018658377872,0.8,0.56755763,5,1.5559010128150121,0.8906935166287188,1.0731998230964828,-0.17005808474807804
2023-03-23,-0.03186628695015683,-0.037866286950156834,0.2,0.5820298,5,1.5063202246746095,0.8569662603434114,1.0731998230964828,-0.2014849034629701
2023-03-30,0.014882029992861322,0.008882029992861324,0.6,0.5746272,5,1.5287373274370706,0.8645778603706518,1.0731998230964828,-0.19439246842577562
2023-04-11,-0.021059733620522002,-0.027059733620522004,0.2,0.56300527,5,1.496542526545497,0.8411826137748211,1.0731998230964828,-0.21619199363286035
2023-04-18,-0.03441295941529345,-0.04041295941529345,0.0,0.5917379,5,1.445042069316226,0.8071879349434887,1.0731998230964828,-0.2478679947835577
2023-04-25,0.05193743788764551,0.04593743788764551,1.0,0.6678471,5,1.5200938520363725,0.8442680805686121,1.0731998230964828,-0.21331697751061707
2023-05-03,-0.0018857700444468773,-0.007885770044446875,0.2,0.6611681,5,1.5172273045854543,0.8376103766293815,1.0731998230964828,-0.2195205789238387
2023-05-10,0.022578295520451475,0.016578295520451473,0.6,0.6048867,5,1.5514837110400828,0.8514965289841401,1.0731998230964828,-0.20658156043360731
2023-05-17,0.029882218593957677,0.02388221859395768,0.6,0.59851396,5,1.5978454864383473,0.8718321552213356,1.0731998230964828,-0.18763296782340577
2023-05-24,0.05142412034118726,0.04542412034118726,0.8,0.58311254,5,1.6800132850195757,0.9114343639574263,1.0731998230964828,-0.150731909992603
2023-05-31,0.050871626392861004,0.044871626392861,0.4,0.5848435,5,1.7654782931901347,0.9523319062185388,1.0731998230964828,-0.11262386955041237
2023-06-07,0.055391657142288706,0.0493916571422887,0.6,0.5883523,5,1.8632710614986758,0.9993691572161472,1.0731998230964828,-0.06879489195899546
2023-06-14,0.0054878158500557325,-0.000512184149944267,0.4,0.56705225,5,1.8734963499629185,0.9988572961738779,1.0731998230964828,-0.06927184045568124
2023-06-21,0.0060193986621831065,1.9398662183106596e-05,0.6,0.56293994,5,1.8847736713854901,0.9988766726691354,1.0731998230964828,-0.06925378557452999
2023-06-30,-0.0006987239417506341,-0.0066987239417506325,0.2,0.5809718,5,1.8834567348965119,0.9921854735870704,1.0731998230964828,-0.07548859752479575
2023-07-07,-0.02982979287921885,-0.03582979287921885,0.0,0.5970965,5,1.827273610597579,0.956635673570676,1.0731998230964828,-0.10861364958995845
2023-07-14,0.06820940970269174,0.06220940970269173,0.6,0.59346545,5,1.9519108649417463,1.0161474141240447,1.0731998230964828,-0.05316103091391289
2023-07-21,0.0036461086988019307,-0.002353891301198068,0.4,0.5935792,5,1.9590277441256965,1.0137555135652032,1.0731998230964828,-0.055389786926880014
2023-07-28,-0.03435967368475672,-0.04035967368475672,0.2,0.5952004,5,1.8917161900981525,0.9728406718415887,1.0731998230964828,-0.09351394688579961
2023-08-07,-0.09605750920688653,-0.10205750920688654,0.0,0.6189863,5,1.710002644750983,0.8735549760182821,1.0731998230964828,-0.1860276555974163
2023-08-14,0.06925859183306389,0.06325859183306388,0.8,0.6610443,5,1.8284350199572512,0.9288148336899646,1.0731998230964828,-0.1345369112994511
2023-08-21,-0.026820428745245393,-0.0328204287452454,0.4,0.6367159,5,1.7793956087891765,0.8983307326233162,1.0731998230964828,-0.16294178093378753
2023-08-28,0.050770233354788585,0.04477023335478859,1.0,0.6881013,5,1.8697359390778892,0.9385492091526403,1.0731998230964828,-0.12546648913464942
2023-09-04,0.01885846274970886,0.01285846274970886,0.4,0.64265454,5,1.9049962846367814,0.9506175091972981,1.0731998230964828,-0.11422133256181521
2023-09-11,0.048858323354644594,0.042858323354644595,1.0,0.6209976,5,1.998071209100962,0.9913593817930628,1.0731998230964828,-0.0762583440121033
2023-09-18,-0.018482635939875248,-0.024482635939875246,0.2,0.6229348,5,1.9611415863612027,0.9670882909630435,1.0731998230964828,-0.0988739746781524
2023-09-25,0.013411357724560502,0.007411357724560504,0.6,0.6101241,5,1.987443157724405,0.9742557282386044,1.0731998230964828,-0.09219540734958087
2023-10-03,0.02473196979486305,0.018731969794863048,0.4,0.5983973,5,2.0365965418702525,0.9925054571124423,1.0731998230964828,-0.07519043914041523
2023-10-12,-0.03019861687019254,-0.03619861687019254,0.2,0.6144757,5,1.9750941431831537,0.9565781323288537,1.0731998230964828,-0.10866726611186228
2023-10-19,-0.010911603735769982,-0.01691160373576998,0.0,0.57965285,5,1.953542698551899,0.9404008620126052,1.0731998230964828,-0.12374113210409898
2023-10-26,0.04214123851329608,0.03614123851329608,0.8,0.6044612,5,2.0358674073574825,0.9743881138647119,1.0731998230964828,-0.09207205136008256
2023-11-02,0.048870786110812456,0.04287078611081246,1.0,0.60940015,5,2.1353618479724243,1.0161608982831238,1.0731998230964828,-0.053148466469912004
2023-11-09,0.014043590026161668,0.008043590026161668,0.6,0.62521803,5,2.165349994322856,1.0243344799495295,1.0731998230964828,-0.045532380918553494
2023-11-16,0.05165336743078044,0.04565336743078043,0.6,0.5973847,5,2.277197613195853,1.0710987983346827,1.0731998230964828,-0.0019577200038460862
2023-11-23,0.005131191108248912,-0.0008688088917510877,0.6,0.5912796,5,2.288882349340409,1.0701682181747456,1.0731998230964828,-0.0028248280110503288
2023-11-30,-0.022486824864179456,-0.028486824864179455,0.0,0.5357706,5,2.23741265281608,1.0396825235683906,1.0731998230964828,-0.031231182494407483
2023-12-07,0.04739545393199533,0.04139545393199533,0.6,0.5678168,5,2.343455841129488,1.0827206535766667,1.0827206535766667,0.0
2023-12-14,-0.034239705406601775,-0.040239705406601774,0.0,0.5537359,5,2.263216603495834,1.0391522934390982,1.0827206535766667,-0.04023970540660182
2023-12-21,0.022453440902223808,0.01645344090222381,0.8,0.5552279,5,2.31403360375136,1.0562499242876089,1.0827206535766667,-0.02444834611920832
2023-12-28,-0.028733055883257273,-0.03473305588325727,0.0,0.58858746,5,2.2475443468990366,1.019563136640641,1.0827206535766667,-0.058332236230454027
2024-01-05,-0.008511441491749872,-0.014511441491749872,0.2,0.5946461,5,2.228414504690292,1.0047678058361353,1.0827206535766667,-0.0719971928890627
2024-01-12,-0.004437828519927733,-0.010437828519927733,0.4,0.6111033,5,2.218525183247157,0.9942802117764737,1.0827206535766667,-0.08168352705569826
2024-01-19,0.00547571788400103,-0.0005242821159989689,0.2,0.5766574,5,2.23067320126917,0.9937589284431476,1.0827206535766667,-0.08216498395929028
2024-01-26,0.03675044561953067,0.03075044561953067,0.6,0.58779454,5,2.312651435447357,1.0243174583311616,1.0827206535766667,-0.053941148210829404
2024-02-02,0.10220464774808788,0.09620464774808787,1.0,0.57129675,5,2.5490151607713636,1.1228615585921276,1.1228615585921276,0.0
2024-02-20,0.05912374246675047,0.053123742466750466,0.8,0.59294355,5,2.6997224766806527,1.1825121668565899,1.1825121668565899,0.0
2024-02-27,0.034131050727252935,0.028131050727252926,0.8,0.6281703,5,2.791866841481745,1.2157774766080265,1.2157774766080265,0.0
2024-03-06,-0.048131490296749325,-0.05413149029674933,0.2,0.58205414,5,2.65749012969115,1.1499656299300127,1.2157774766080265,-0.05413149029674935
2024-03-13,0.07330700169053454,0.06730700169053454,0.6,0.60330546,5,2.8523027631209983,1.2273663685277687,1.2273663685277687,0.0
2024-03-20,0.0013879672155282963,-0.004612032784471702,0.6,0.5569332,5,2.856261665844971,1.2217057145975605,1.2273663685277687,-0.0046120327844718645
2024-03-27,0.005910841900114527,-8.915809988547241e-05,0.4,0.61342525,5,2.873144576977139,1.2215967896374278,1.2273663685277687,-0.004700779684277623
2024-04-03,0.002033371439480591,-0.00396662856051941,0.6,0.5982257,5,2.878986747101463,1.216751168922213,1.2273663685277687,-0.0086487619978447
2024-04-12,-0.06875443355959562,-0.07475443355959563,0.0,0.6519882,5,2.6810436440789194,1.125793624506457,1.2273663685277687,-0.0827566622532998
2024-04-19,0.04946114387549934,0.04346114387549933,0.6,0.672052,5,2.8136511294951996,1.174721903195252,1.2273663685277687,-0.042892217582647274
2024-04-26,0.058879207338318154,0.05287920733831815,1.0,0.67963743,5,2.9793166777264406,1.2368402662791775,1.2368402662791775,0.0
2024-05-06,0.0032820017316675274,-0.0027179982683324735,0.6,0.68259203,5,2.9890948002219244,1.2334785365772267,1.2368402662791775,-0.002717998268332633
2024-05-13,0.05184700902450827,0.04584700902450827,0.8,0.65397197,5,3.144070425304141,1.29002983817522,1.29002983817522,0.0
2024-05-20,0.11454249404934944,0.10854249404934943,1.0,0.65239966,5,3.504200093285276,1.4300528942088369,1.4300528942088369,0.0
2024-05-27,0.022242632872115344,0.016242632872115338,0.4,0.6008811,5,3.5821427294706525,1.4532807183571768,1.4532807183571768,0.0
2024-06-03,-0.023703716317391255,-0.029703716317391254,0.2,0.55435765,5,3.4972326344028746,1.4101128801695606,1.4532807183571768,-0.029703716317391216
2024-06-11,0.020832738560668584,0.014832738560668584,0.6,0.5595006,5,3.570089567561228,1.431028715862147,1.4532807183571768,-0.015311565215138767
2024-06-18,0.01700070195442318,0.01100070195442318,0.6,0.56866276,5,3.630783596249932,1.4467710362535675,1.4532807183571768,-0.004479301226103072
2024-06-25,-0.02776286551802354,-0.03376286551802354,0.0,0.5860997,5,3.5299826395421996,1.3979239003211668,1.4532807183571768,-0.03809093269921493
2024-07-02,0.11142231385830978,0.10542231385830977,1.0,0.6225812,5,3.923301473119655,1.5452962724908572,1.5452962724908572,0.0
2024-07-09,-0.01125163231425863,-0.017251632314258636,0.2,0.5987438,5,3.879157927486123,1.5186373893812506,1.5452962724908572,-0.017251632314258636
2024-07-16,-0.028082478478832364,-0.03408247847883236,0.4,0.58951247,5,3.770221558471502,1.4668784632405139,1.5452962724908572,-0.050746132406015554
2024-07-23,-0.012402659034267982,-0.018402659034267983,0.2,0.60575473,5,3.723460785998134,1.4398839990367878,1.5452962724908572,-0.06821492766830772
2024-08-01,-0.11853007141802988,-0.12453007141802988,0.2,0.6607937,5,3.2821187131115415,1.2605751418030582,1.5452962724908572,-0.18425018927202752
2024-08-08,0.11224076143399082,0.10624076143399082,1.0,0.84113187,5,3.650506216587931,1.394499604712976,1.5452962724908572,-0.09758430824065378
2024-08-15,0.04087272872338401,0.034872728723384004,0.6,0.8015083,5,3.799712366881557,1.443129611132998,1.5452962724908572,-0.06611461062620505
2024-08-22,0.0490624852859034,0.0430624852859034,0.4,0.76405716,5,3.986135698972349,1.5052743587780644,1.5452962724908572,-0.025899184787575802
2024-08-29,-0.06374800875393467,-0.06974800875393468,0.0,0.69003457,5,3.732027485539888,1.4002844696249384,1.5452962724908572,-0.09384077697422699
2024-09-05,0.06915721487055389,0.06315721487055388,0.6,0.6809517,5,3.990124112260183,1.4887225367529402,1.5452962724908572,-0.03661028421865409
2024-09-12,0.03025722353686684,0.02425722353686684,0.6,0.6334036,5,4.110854189464682,1.5248348121113275,1.5452962724908572,-0.013241124529827508
2024-09-20,0.04290475675638996,0.03690475675638996,1.0,0.6923659,5,4.2872293885246515,1.5811084699459719,1.5811084699459719,0.0
2024-09-27,-0.009874084303202291,-0.01587408430320229,0.4,0.63737535,5,4.244896924115193,1.5560098208015425,1.5811084699459719,-0.01587408430320214
2024-10-08,-0.024371656381477536,-0.030371656381477534,0.2,0.6383032,5,4.141441754905866,1.5087512251979536,1.5811084699459719,-0.045763618450852306
2024-10-16,0.07073712985194387,0.06473712985194387,0.8,0.5850254,5,4.434395458096905,1.606423449177873,1.606423449177873,0.0
2024-10-23,-0.06839793235165299,-0.074397932351653,0.2,0.57682353,5,4.131091977533515,1.4869088660778285,1.606423449177873,-0.07439793235165304
2024-10-30,0.08008853544039354,0.07408853544039354,0.8,0.60641176,5,4.461945083783734,1.597071766298871,1.606423449177873,-0.005821430758987001
2024-11-07,-0.038102528385207377,-0.04410252838520738,0.2,0.61704665,5,4.2919336945756275,1.5266368633924619,1.606423449177873,-0.04966721932890361
2024-11-14,0.027067055423162588,0.021067055423162586,0.6,0.64516723,5,4.408103701759245,1.558798606804594,1.606423449177873,-0.02964650596805729
2024-11-21,-0.04802009604237312,-0.05402009604237312,0.2,0.6781188,5,4.196426138636026,1.4745921563542925,1.606423449177873,-0.08206509491071512
2024-11-28,0.017652251604939505,0.011652251604939507,0.6,0.6857793,5,4.270502508676774,1.491774475174803,1.606423449177873,-0.07136908643965856
2024-12-05,-0.061551155128117305,-0.0675511551281173,0.0,0.64699125,5,4.007648146290196,1.3910033861861042,1.606423449177873,-0.13409917733833843
2024-12-12,-0.04565498627653639,-0.0516549862765364,0.0,0.66015655,5,3.82467902517013,1.3191511253620454,1.606423449177873,-0.17882727244976804
2024-12-19,0.07433783938582036,0.06833783938582036,0.8,0.58523303,5,4.108997400245543,1.409299063092661,1.606423449177873,-0.12271010248642433
2024-12-26,-0.00614461374546571,-0.01214461374546571,0.2,0.63600767,5,4.083749198339912,1.3921836703195538,1.606423449177873,-0.13336444943452597
2025-01-03,0.0196769581798506,0.013676958179850596,0.2,0.67664623,5,4.164104960532645,1.4112245081571853,1.606423449177873,-0.12151151125227022
2025-01-10,0.03689641577079339,0.030896415770793384,0.4,0.68577945,5,4.31774550846968,1.4548262873071431,1.606423449177873,-0.09436936565406429
2025-01-17,-0.0801997017714348,-0.08619970177143481,0.0,0.62375724,5,3.9714636063654596,1.3294206952120238,1.606423449177873,-0.17243445624975928
2025-02-04,0.04210280749536053,0.03610280749536053,0.8,0.7112235,5,4.138673374059095,1.3774165146516117,1.606423449177873,-0.14255701673395094
2025-02-11,0.04612017462296887,0.040120174622968865,0.8,0.634728,5,4.329549712778132,1.4326787057479957,1.606423449177873,-0.10815625451607758
2025-02-18,0.014768665376163347,0.008768665376163349,0.6,0.6999613,5,4.393491383715617,1.4452413859102546,1.606423449177873,-0.10033597514410497
2025-02-25,-0.04542667871189252,-0.05142667871189253,0.0,0.64817345,5,4.193909662204099,1.3709174214959177,1.606423449177873,-0.1466027078990172
2025-03-05,-0.07592824094591433,-0.08192824094591433,0.0,0.60651225,5,3.8754734788668683,1.2586005686706485,1.606423449177873,-0.21652004686885729
2025-03-12,-0.04000105950858344,-0.04600105950858344,0.2,0.6584056,5,3.720450433614778,1.200703609013693,1.606423449177873,-0.2525609548166252
2025-03-19,0.041072060289266,0.035072060289266,0.4,0.7124328,5,3.87325699812743,1.2428147583785607,1.606423449177873,-0.2263467275614024
2025-03-26,-0.12631681264373645,-0.13231681264373646,0.0,0.7052784,5,3.3839995195739268,1.0783694708433142,1.606423449177873,-0.32871406266187375
2025-04-02,-0.20632365470140623,-0.21232365470140618,0.0,0.6723271,5,2.6858003711876313,0.8494061236754402,1.606423449177873,-0.4712439462271639
2025-04-11,0.05516069037900513,0.049160690379005126,1.0,0.8461064,5,2.8339509738825295,0.8911635151274795,1.606423449177873,-0.4452499335816129
2025-04-18,0.00896470625637269,0.0029647062563726914,0.4,0.84665287,5,2.8593565119083477,0.893805553176229,1.606423449177873,-0.44360526258897914
2025-04-25,-0.01449420138160722,-0.020494201381607218,0.2,0.8538195,5,2.817912422802938,0.8754877221734365,1.606423449177873,-0.45500812838514715
2025-05-05,0.11281636474781594,0.10681636474781593,1.0,0.8453759,5,3.1358190585212764,0.9690041380373489,1.606423449177873,-0.39679407784214016
2025-05-12,0.0665066004418203,0.0605066004418203,0.8,0.6896474,5,3.344371723704196,1.027635284244045,1.606423449177873,-0.3602961381259948
2025-05-19,0.06450226254600336,0.058502262546003346,1.0,0.7615156,5,3.560091266677994,1.087754273444427,1.606423449177873,-0.3228720148469495
2025-05-26,-0.007906833260482892,-0.013906833260482893,0.2,0.6380839,5,3.5319422186402694,1.0726270561352576,1.606423449177873,-0.33228872083247973
2025-06-03,0.04135323039653782,0.03535323039653782,0.8,0.5888463,5,3.6779994389549593,1.1105478875803674,1.606423449177873,-0.3086829701417034
2025-06-10,0.11354864874919253,0.10754864874919252,0.8,0.5828128,5,4.095631305348583,1.2299858122609062,1.606423449177873,-0.23433275772313844
2025-06-17,0.053446631286044655,0.04744663128604465,0.6,0.58709365,5,4.31452900160913,1.2883444955823156,1.606423449177873,-0.19800442639102556
2025-06-24,-0.034999032798225006,-0.040999032798225005,0.0,0.5619952,5,4.163524659572919,1.2355236173525235,1.606423449177873,-0.23088546921745123
2025-07-01,-0.037378196169616774,-0.04337819616961678,0.4,0.5539909,5,4.007899618090365,1.181928831506811,1.606423449177873,-0.26424827021063946
2025-07-08,0.08309427454868987,0.07709427454868986,0.8,0.58002937,5,4.340933129319555,1.2730487773400092,1.606423449177873,-0.20752602435458511
2025-07-15,-0.002279659326115202,-0.0082796593261152,0.4,0.55777085,5,4.3310372806272595,1.2625083671581065,1.606423449177873,-0.21408743889774118
2025-07-22,0.04722112322952654,0.041221123229526535,0.6,0.5820029,5,4.535553725767433,1.3145503801390392,1.606423449177873,-0.18169124036891215
2025-07-29,0.01953048547550691,0.01353048547550691,0.4,0.5928213,5,4.624135291931915,1.3323368849643327,1.606423449177873,-0.17061912558224357
2025-08-06,0.025682432809933497,0.0196824328099335,0.6,0.5801489,5,4.742894335870998,1.3585605161828391,1.606423449177873,-0.15429489224767223
2025-08-13,0.052134008528529695,0.04613400852852969,0.8,0.6145325,5,4.990160429627212,1.421236358622942,1.606423449177873,-0.11527912559400522
2025-08-20,0.050328231131447645,0.04432823113144764,0.6,0.62202406,5,5.241306377112495,1.4842372524203968,1.606423449177873,-0.07606101418651978
2025-08-27,0.04180207658675437,0.03580207658675436,0.4,0.5710572,5,5.460403867703196,1.5373760282044657,1.606423449177873,-0.042982079854937405
2025-09-03,0.03414325384618473,0.02814325384618473,0.6,0.5958621,5,5.646839823060875,1.5806427920232633,1.606423449177873,-0.01604848159294714
2025-09-10,-0.06695083371885477,-0.07295083371885477,0.0,0.62697417,5,5.268779189030119,1.465333582533468,1.606423449177873,-0.08782856519967475
2025-09-17,0.07433173100405528,0.06833173100405528,0.8,0.6461681,5,5.66041666642887,1.5654623627263533,1.606423449177873,-0.02549831208731579
2025-09-24,0.013364630605202321,0.007364630605202318,0.4,0.62161523,5,5.736066044247223,1.5769914147541804,1.606423449177873,-0.01832146713169258
2025-10-02,0.0173655522871607,0.011365552287160696,0.4,0.55911094,5,5.8356759990612055,1.5949147931349725,1.606423449177873,-0.007164148437194706
2025-10-13,-0.025653804550487557,-0.031653804550487566,0.2,0.5613612,5,5.685968707561318,1.5444296719983968,1.606423449177873,-0.03859118043328058
2025-10-20,0.062267502909800695,0.05626750290980069,0.6,0.639574,5,6.040019780604428,1.6313308730615492,1.6313308730615492,0.0
2025-10-28,-0.013044973798519321,-0.019044973798519323,0.4,0.59949595,5,5.961227880823905,1.6002622193273763,1.6313308730615492,-0.019044973798519327
2025-11-04,0.001141276411004255,-0.004858723588995746,0.6,0.6619384,5,5.9680312895849115,1.5924869875337517,1.6313308730615492,-0.02381116312406839
2025-11-11,0.003246645478944643,-0.002753354521055357,0.4,0.621397,5,5.987407371389442,1.5881023062869037,1.6313308730615492,-0.02649895707148464
2025-11-18,0.041833146992800566,0.03583314699280056,0.4,0.63900846,5,6.237879464062554,1.645009009667688,1.645009009667688,0.0
2025-11-25,0.017875395650322055,0.011875395650322054,0.4,0.6584111,5,6.349384027501692,1.6645441425058363,1.6645441425058363,0.0
2025-12-02,0.10828288624468888,0.10228288624468887,0.8,0.6170443,5,7.0369136558755025,1.834798521683024,1.834798521683024,0.0
2025-12-09,-0.0007066559824021379,-0.006706655982402136,0.6,0.60435563,5,7.031940978742931,1.822493159201076,1.834798521683024,-0.006706655982402165
2025-12-16,0.06115375072441749,0.055153750724417486,0.8,0.61592686,5,7.461970544465792,1.9230104926006084,1.9230104926006084,0.0
2025-12-23,0.0892777008143781,0.08327770081437809,0.8,0.607135,5,8.128158118220313,2.0831543850663117,2.0831543850663117,0.0
2025-12-31,-0.04736976866796523,-0.05336976866796524,0.0,0.55130625,5,7.743129148463573,1.9719769174356652,2.0831543850663117,-0.05336976866796528
2026-01-08,0.060592840732746824,0.05459284073274682,0.6,0.5752927,5,8.212307339729515,2.0796327392178835,2.0831543850663117,-0.0016905352160522247
2026-01-15,0.00829336873548565,0.002293368735485651,0.2,0.61296487,5,8.280415032667026,2.084402103923298,2.084402103923298,0.0
2026-01-22,-0.02785588338259868,-0.03385588338259868,0.0,0.6076001,5,8.049756757157537,2.0138328293704273,2.084402103923298,-0.033855883382598706
2026-01-29,0.09292733698063609,0.08692733698063608,1.0,0.6176772,5,8.797799215942067,2.188889954351778,2.188889954351778,0.0
2026-02-05,0.07607264770166706,0.07007264770166706,0.8,0.6209652,5,9.467071096246432,2.3422712689807885,2.3422712689807885,0.0
2026-02-23,0.1474581926424054,0.1414581926424054,1.0,0.6295141,5,10.863068289716088,2.6736047293690444,2.6736047293690444,0.0
2026-03-03,-0.09360989829716695,-0.09960989829716696,0.0,0.6417593,5,9.846177571920586,2.4072872341897695,2.6736047293690444,-0.09960989829716682
2026-03-10,0.10621248332702275,0.10021248332702275,0.8,0.71090496,5,10.891964543113108,2.6485274660093667,2.6736047293690444,-0.009379570242455282
2026-03-17,-0.042195252398547045,-0.04819525239854705,0.2,0.63451964,5,10.432375350100425,2.520881016300561,2.6736047293690444,-0.0571227718857773
2026-03-24,-0.02852792665081898,-0.03452792665081898,0.2,0.7014579,5,10.134761311318949,2.4338402214742936,2.6736047293690444,-0.08967836765883264
2026-03-31,0.15495005422561317,0.14895005422561317,1.0,0.7532755,5,11.705143126071468,2.796360854439368,2.796360854439368,0.0
2026-04-09,0.19538257336701145,0.18938257336701145,1.0,0.6515094,5,13.992124111672496,3.3259428691158703,3.3259428691158703,0.0
2026-04-16,-0.02586178456395154,-0.03186178456395154,0.2,0.66041344,5,13.63026281230435,3.2199723939480895,3.3259428691158703,-0.03186178456395161
2026-04-23,0.08965945723107567,0.08365945723107567,0.4,0.6525875,5,14.852344777972473,3.489353536724834,3.489353536724834,0.0
2026-04-30,0.1257178897885422,0.11971788978854218,0.8,0.6022672,5,16.719550221871046,3.9070915788677176,3.9070915788677176,0.0
2026-05-08,0.05587289396967206,0.04987289396967205,0.6,0.66728437,5,17.653719878638253,4.101949542910385,4.101949542910385,0.0
2026-05-15,0.03978020069920833,0.03378020069920833,0.6,0.72410524,5,18.355988398498084,4.240514221727924,4.240514221727924,0.0
2026-05-22,0.04746237931165827,0.04146237931165826,0.4,0.697057,5,19.227207282507997,4.416336030865688,4.416336030865688,0.0
2026-05-29,0.03496657407266035,0.028966574072660352,0.6,0.72509396,5,19.899516850162208,4.544262155633517,4.544262155633517,0.0
2026-06-05,-0.0636271840856107,-0.06962718408561071,0.2,0.69873136,5,18.633366628322225,4.227857977989948,4.544262155633517,-0.06962718408561086
2026-06-12,0.11532810957108916,0.10932810957108915,0.8,0.750533,5,20.782317576511648,4.690081698258637,4.690081698258637,0.0
2026-06-22,-0.06702893426917693,-0.07302893426917693,0.4,0.7253362,5,19.38930097771449,4.347570030199438,4.690081698258637,-0.07302893426917678
2026-06-29,0.029383914501938512,0.02338391450193851,0.6,0.7810728,5,19.959034539896006,4.449233236076812,4.690081698258637,-0.05135272212235631
2026-07-06,-0.06193512117440072,-0.06793512117440073,0.2,0.7461344,5,18.7228693171435,4.146974037050763,4.690081698258637,-0.11579918989673943
2026-07-14,-0.06880801019170205,-0.07480801019170205,0.2,0.78603154,5,17.434585934351585,3.8367471610223456,4.690081698258637,-0.18194449311045535
2026-07-21,-0.10765747007270324,-0.11365747007270324,0.0,0.88223475,5,15.557622520894157,3.4006721853919193,4.690081698258637,-0.2749226124025639
2026-07-28,0.0649685473149014,0.0589685473149014,0.8,0.8903797,5,16.568378655750244,3.6012048840586717,4.690081698258637,-0.23216585216505936
